Workbook

Sheet ReadMe
A1: GBF Headline Indicator 3.1 – National Calculation & Reporting Tool
A2: Coverage of protected areas and other effective area-based conservation measures (OECMs) – built on the official metadata (gbf-indicators.org/metadata/headline/3-1, updated 1 Sept 2024)
A4: PURPOSE
A5: What this tool does | B5: Computes Headline Indicator 3.1 for Target 3 of the Kunming-Montreal Global Biodiversity Framework (KMGBF) at national level, plus the five disaggregations listed in the metadata: (1) PAs vs OECMs, (2) realm/biome/ecosystem, (3) Key Biodiversity Areas, (4) management effectiveness, (5) governance type. It also produces a time series, quality-control checks and a reporting dashboard.
A6: What this tool does NOT do | B6: Excel cannot perform spatial operations. The metadata's steps 1–6 (filter, buffer points, merge, flatten/dissolve, erase PA from OECMs, intersect with base map, project to Mollweide) must be done in a GIS (QGIS, ArcGIS, R 'wdpar' package, Python geopandas). The tool takes the resulting areas and performs step 7 (coverage calculation), the disaggregations, the time series and the quality checks. If no GIS capacity exists, the tool falls back to reported/GIS areas per site and flags the result as an upper bound (overlaps may be double-counted).
A7: Relationship with Protected Planet | B7: UNEP-WCMC/IUCN publish monthly national statistics on Protected Planet computed with the same method. This tool lets a country (a) reproduce and reconcile those figures, (b) include national data not yet submitted to the WDPA/WD-OECM, (c) compute the disaggregations that are published only biennially or not at all for its own national ecosystem maps, and (d) document every step for the national report.
A8: SHEET GUIDE
A9: 1. Setup | B9: Country, reporting year, realm areas (base-map denominators), method-compliance declarations, thresholds and optional GIS totals.
A10: 2. PA_OECM_Register | B10: One row per protected area / OECM using WDPA/WD-OECM attribute names. Applies the metadata inclusion filters automatically and flags data-quality issues.
A11: 3. Headline_3.1 | B11: Headline indicator: % terrestrial & inland water and % marine & coastal area covered, split PA vs OECM, distance to the 30% target, inland waters.
A12: 4. Ecosystems | B12: Disaggregation by IUCN Global Ecosystem Typology biome, by Ecosystem Functional Group/ecoregion/national ecosystem type, and inland waters (rivers, lakes & wetlands).
A13: 5. KBA_Coverage | B13: Mean % of each KBA covered by PAs and/or OECMs (aligned with SDG 14.5.1, 15.1.2, 15.4.1).
A14: 6. Governance | B14: Coverage by WDPA governance type and the four IUCN governance types (proxy for 'equitably governed'); supplementary IUCN management categories.
A15: 7. Mgmt_Effectiveness | B15: Coverage by management-effectiveness class (PROVISIONAL – the official methodology is still under development).
A16: 8. Time_Series | B16: Cumulative coverage by year from STATUS_YR, with the metadata's treatment of missing designation years.
A17: 9. QC_Checks | B17: Automated method-compliance and data-quality checks. Resolve every WARN before reporting.
A18: 10. Dashboard | B18: Summary figures and charts for the national report.
A19: 11. Metadata / References | B19: Summary of the official metadata (definitions, method, limitations) and the scientific references.
A20: WORKFLOW
A21: Step 1 – Data | B21: Download the national WDPA and WD-OECM (protectedplanet.net) and add any nationally recognised sites not yet reported. Download KBA polygons (keybiodiversityareas.org) and national ecosystem maps (cross-walked to the Global Ecosystem Typology).
A22: Step 2 – Filter | B22: Remove sites with STATUS 'Proposed' or 'Not Reported', points without REP_AREA, and UNESCO-MAB Biosphere Reserves (the register does this automatically; do the same in GIS).
A23: Step 3 – Buffer points | B23: Buffer point sites with a circle of area = REP_AREA (radius = √(REP_AREA/π), computed in the register column 'Buffer radius').
A24: Step 4 – Flatten & erase | B24: Merge polygons + buffered points; dissolve PAs into one flat layer. For OECMs: erase all areas overlapping PAs, then dissolve. To keep the time series exact, attribute each overlapping area to the EARLIEST-designated site (PAs before OECMs). Then TRANSFER site-level attributes (PAME, governance) from overlapping records that describe the same physical site to the record holding the area – otherwise the effectiveness and governance disaggregations are understated.
A25: Step 5 – Intersect & project | B25: Intersect with the national base map (land + territorial sea/EEZ), project to Mollweide equal-area (ESRI:54009), compute km² for land and sea parts.
A26: Step 6 – Enter | B26: Enter per-site net areas in the register (columns R–S) or the national flattened totals in Setup (override). Enter KBA and ecosystem overlap areas.
A27: Step 7 – Check & report | B27: Review QC_Checks, then report from Headline_3.1 and Dashboard. Record dataset versions in Setup.
A28: COLOUR LEGEND
A29: Yellow cell, blue text | B29: INPUT – enter or paste data here.
A30: Grey cell, black text | B30: CALCULATION – do not overwrite (formulas).
A31: Blue cell, bold | B31: KEY RESULT.
A32: Orange rows | B32: EXAMPLE data from a FICTIONAL country, showing the expected format. Delete/overwrite before use.
A33: Units | B33: All areas in km² (Mollweide equal-area). River length in km. Percentages stored as fractions (0.30 = 30%).

Sheet Setup
A1: 1. Setup – country parameters, denominators and method declarations
A2: Fill every yellow cell. Areas must come from the SAME base map and projection used for the PA/OECM areas.
A3: Parameter | B3: Value | C3: Unit | D3: Notes / source (metadata 3.1)
A4: Country / jurisdiction | B4: Algeria | C4: text
A5: ISO3 code | B5: DZA | C5: text | D5: ISO 3166-1 alpha-3
A6: Reporting year | B6: 2026 | C6: year | D6: Year of the national report / data cut-off
A7: WDPA / WD-OECM release used | B7: WDPA/WD-OECM October 2026 (Protected Planet; UNEP-WCMC map service) | C7: text | D7: Monthly release from protectedplanet.net; record month & year
A8: KBA dataset version | B8: World Database of KBAs, September 2026 release (KBAsGlobal_2026_September, 65 Algeria polygons) | C8: text | D8: World Database of KBAs (BirdLife International on behalf of the KBA Partnership)
A9: Base map used | B9: geoBoundaries ADM0, inland holes filled (land) + Marine Regions EEZ v12 with coastal gaps, minus land (sea); Mollweide ESRI:54009 | C9: text | D9: Metadata: EEZ (VLIZ), World Vector Shoreline 3rd ed., GADM. National official boundaries are acceptable if documented
A10: Terrestrial area (land incl. inland waters) | B10: 2318644.1 | C10: km² | D10: Denominator, terrestrial realm. Mollweide equal-area. (Antarctica excluded globally)
A11: Marine & coastal area (territorial sea + EEZ) | B11: 131439.54 | C11: km² | D11: Denominator, marine realm. Areas beyond national jurisdiction are excluded at national level
A12: Target coverage | B12: 0.3 | C12: fraction | D12: KMGBF Target 3: at least 30% of terrestrial & inland water and of marine & coastal areas
A13: Target year | B13: 2030 | C13: year
A14: PA layer flattened (overlaps dissolved) in GIS? | B14: Y | C14: Y/N | D14: Method step 4: flatten to avoid double counting
A15: OECM layer: PA overlap erased and flattened? | B15: Y | C15: Y/N | D15: OECM method step 4: erase areas where OECMs overlap PAs
A16: Areas computed in Mollweide equal-area projection? | B16: Y | C16: Y/N | D16: Method step 6
A17: Overlaps attributed to earliest-designated site? | B17: Y | C17: Y/N | D17: Needed for an exact time series from per-site net areas (tool recommendation, not in metadata)
A18: OPTIONAL GIS total – PA terrestrial (flattened) | C18: km² | D18: If entered, overrides the register sum in the headline (reconciliation shown in QC)
A19: OPTIONAL GIS total – OECM terrestrial (PA-erased, flattened) | C19: km² | D19: As above
A20: OPTIONAL GIS total – PA marine (flattened) | C20: km² | D20: As above
A21: OPTIONAL GIS total – OECM marine (PA-erased, flattened) | C21: km² | D21: As above
A22: KBA marine classification threshold | B22: 0.05 | C22: fraction | D22: Metadata: a KBA with ≥5% overlap with the ocean is classified as marine
A23: KBA 'complete coverage' threshold | B23: 0.98 | C23: fraction | D23: Tolerance for digitisation error; 98% used by Butchart et al. (2012). National choice – document it
A24: PAME 'High' class – minimum normalised score | B24: 67 | C24: score 0–100 | D24: PROVISIONAL national choice; official effectiveness methodology still under development (UNEP-WCMC, IUCN & JNCC 2023)
A25: PAME 'Moderate' class – minimum normalised score | B25: 33 | C25: score 0–100 | D25: PROVISIONAL national choice; scores below are 'Low'
A26: PAME validity window | B26: 5 | C26: years | D26: Assessments older than this are classed 'Assessment outdated'. National choice
A27: Time-series start year | B27: 1940 | C27: year | D27: Global series starts 1819; choose the year of the first national site or earlier
A29: Worked example: real WDPA/WD-OECM October 2026 records for Algeria (71 PA polygons, 2 PA points, 5 OECMs). Net areas from 03_analysis/scripts/01_gis_flatten.py: points buffered, clipped to land / sea, PAs flattened, OECMs PA-erased and flattened, overlaps attributed to the earliest-designated site.

Sheet PA_OECM_Register
A1: 2. PA & OECM register – one row per site (WDPA / WD-OECM attribute names)
A2: Columns A–Y = inputs. Columns Z–AL = automatic calculations. Net areas (R–S) come from the flattened GIS layers (metadata steps 1–6); if left blank, gross areas are used and flagged.
A3: INPUTS (A–Y) | Z3: CALCULATIONS (Z–AL) – do not edit
A4: WDPAID / national ID | B4: NAME | C4: DESIG_ENG (designation) | D4: DESIG_TYPE | E4: Site type (PA / OECM) [WDPA PA_DEF 1/0] | F4: IUCN_CAT | G4: GOV_TYPE | H4: STATUS | I4: STATUS_YR (0/blank = unknown) | J4: MARINE 0=terr., 1=coastal, 2=marine | K4: Geometry (Polygon / Point) | L4: REP_AREA (km²) | M4: REP_M_AREA (km²) | N4: GIS_AREA (km², Mollweide) | O4: GIS_M_AREA (km², Mollweide) | P4: UNESCO-MAB Biosphere Reserve? (Y/N) | Q4: MAB exception: count anyway? (Y/N) | R4: NET terrestrial area after flattening / PA-erase (km²) | S4: NET marine area after flattening / PA-erase (km²) | T4: PAME assessed? (Y/N) | U4: PAME tool | V4: PAME year | W4: PAME score (normalised 0–100) | X4: Effectiveness class – manual override (optional) | Y4: Notes / source | Z4: INCLUDED in indicator (1/0) | AA4: Exclusion reason | AB4: Gross total area used (km²) | AC4: Gross marine area (km²) | AD4: Gross terrestrial area (km²) | AE4: Net area supplied? (1/0) | AF4: TERRESTRIAL area counted (km²) | AG4: MARINE area counted (km²) | AH4: Designation year known (0 = missing) | AI4: Point buffer radius (km) = √(REP_AREA/π) | AJ4: IUCN governance type (A–D) | AK4: Effectiveness class | AL4: QC flags
A5: 4999 | B5: Tassili n'Ajjer | C5: World Heritage Site (natural or mixed) | D5: International | E5: PA | F5: Not Applicable | G5: Not Reported | H5: Inscribed | I5: 1982 | J5: 0 | K5: Polygon | L5: 72000 | M5: 0 | N5: 75389.987 | O5: 0 | P5: N | R5: 75619.418 | S5: 0 | T5: Y | U5: Other | V5: 2025 | Y5: GD-PAME: IUCN World Heritage Outlook 2025; IUCN World Heritage Outlook 2020; IUCN World Heritage Outlook 2017; World Heritage Outlook Report 2014; Biosphere Reserve Effectiveness of Management Index (BREMi) 2013 (from record 20389); Management Effectiveness Tracking Tool (METT) 2010; Birdlife Important Bird and Biodiversity Area Monitoring (Birdlife IBA) 2001 | Z5: =IF(AND($A5="",$B5=""),"",IF(OR($E5="",$H5="",$H5="Proposed",$H5="Not Reported"),0,IF(AND($P5="Y",$Q5<>"Y"),0,IF(AND($K5="Point",N($L5)<=0),0,IF(AND(N($L5)<=0,N($N5)<=0,N($R5)+N($S5)<=0),0,1))))) | AA5: =IF(AND($A5="",$B5=""),"",IF($E5="","Site type missing",IF($H5="","STATUS missing",IF($H5="Proposed","STATUS = Proposed",IF($H5="Not Reported","STATUS = Not Reported",IF(AND($P5="Y",$Q5<>"Y"),"UNESCO-MAB Biosphere Reserve",IF(AND($K5="Point",N($L5)<=0),"Point without REP_AREA",IF(AND(N($L5)<=0,N($N5)<=0,N($R5)+N($S5)<=0),"No area information","")))))))) | AB5: =IF(AND($A5="",$B5=""),"",IF($K5="Point",N($L5),IF(N($N5)>0,N($N5),N($L5)))) | AC5: =IF(AND($A5="",$B5=""),"",MIN(AB5,IF(N($J5)=0,0,IF(N($J5)=2,AB5,IF(AND($K5<>"Point",N($O5)>0),N($O5),N($M5)))))) | AD5: =IF(AND($A5="",$B5=""),"",MAX(0,AB5-AC5)) | AE5: =IF(AND($A5="",$B5=""),"",IF(OR($R5<>"",$S5<>""),1,0)) | AF5: =IF(AND($A5="",$B5=""),"",IF(Z5=1,IF(AE5=1,N($R5),AD5),0)) | AG5: =IF(AND($A5="",$B5=""),"",IF(Z5=1,IF(AE5=1,N($S5),AC5),0)) | AH5: =IF(AND($A5="",$B5=""),"",IF(AND(ISNUMBER($I5),N($I5)>0),$I5,0)) | AI5: =IF(AND(NOT(AND($A5="",$B5="")),$K5="Point",N($L5)>0),SQRT(N($L5)/PI()),"") | AJ5: =IF(AND($A5="",$B5=""),"",IFERROR(VLOOKUP($G5,Lists!$D$4:$E$15,2,FALSE),"Not reported")) | AK5: =IF(AND($A5="",$B5=""),"",IF($X5<>"",$X5,IF($T5<>"Y","Not assessed",IF(AND(ISNUMBER($V5),Setup!$B$6-$V5>Setup!$B$26),"Assessment outdated",IF(NOT(ISNUMBER($W5)),"Assessed – no score",IF($W5>=Setup!$B$24,"High",IF($W5>=Setup!$B$25,"Moderate","Low"))))))) | AL5: =IF(AND($A5="",$B5=""),"",IF(Z5=0,"",IF(AND(AE5=1,N($R5)>AD5*1.01+0.001),"Net terrestrial > gross; ","")&IF(AND(AE5=1,N($S5)>AC5*1.01+0.001),"Net marine > gross; ","")&IF(AE5=0,"No net area – gross used, overlaps may be double-counted; ","")&IF(AH5=0,"STATUS_YR missing – imputed in time series; ","")&IF(AND(ISNUMBER($I5),N($I5)>Setup!$B$6),"STATUS_YR after reporting year; ","")&IF(OR($G5="",$G5="Not Reported"),"GOV_TYPE not reported; ","")&IF(AND(N($J5)=1,$K5="Point",N($M5)<=0),"Coastal point without REP_M_AREA – land/sea split unknown; ","")&IF(AND(N($J5)=0,N($S5)>0),"MARINE=0 but net marine >0; ","")&IF(AND(N($J5)=2,N($R5)>0),"MARINE=2 but net terrestrial >0; ","")&IF($K5="Point","Buffered point – coverage approximate; ","")))
A6: 4118 | B6: Djurdjura | C6: National Park | D6: National | E6: PA | F6: II | G6: Federal or national ministry or agency | H6: Designated | I6: 1983 | J6: 0 | K6: Polygon | L6: 185.5 | M6: 0 | N6: 202.167 | O6: 0 | P6: N | R6: 202.569 | S6: 0 | T6: Y | U6: METT | V6: 2013 | Y6: GD-PAME: Management Effectiveness Tracking Tool (METT) 2013; Biosphere Reserve Effectiveness of Management Index (BREMi) 2013 (from record 145569); Governance of Biodiversity Research Project (GOBI Survey) 2006 (from record 145569) | Z6: =IF(AND($A6="",$B6=""),"",IF(OR($E6="",$H6="",$H6="Proposed",$H6="Not Reported"),0,IF(AND($P6="Y",$Q6<>"Y"),0,IF(AND($K6="Point",N($L6)<=0),0,IF(AND(N($L6)<=0,N($N6)<=0,N($R6)+N($S6)<=0),0,1))))) | AA6: =IF(AND($A6="",$B6=""),"",IF($E6="","Site type missing",IF($H6="","STATUS missing",IF($H6="Proposed","STATUS = Proposed",IF($H6="Not Reported","STATUS = Not Reported",IF(AND($P6="Y",$Q6<>"Y"),"UNESCO-MAB Biosphere Reserve",IF(AND($K6="Point",N($L6)<=0),"Point without REP_AREA",IF(AND(N($L6)<=0,N($N6)<=0,N($R6)+N($S6)<=0),"No area information","")))))))) | AB6: =IF(AND($A6="",$B6=""),"",IF($K6="Point",N($L6),IF(N($N6)>0,N($N6),N($L6)))) | AC6: =IF(AND($A6="",$B6=""),"",MIN(AB6,IF(N($J6)=0,0,IF(N($J6)=2,AB6,IF(AND($K6<>"Point",N($O6)>0),N($O6),N($M6)))))) | AD6: =IF(AND($A6="",$B6=""),"",MAX(0,AB6-AC6)) | AE6: =IF(AND($A6="",$B6=""),"",IF(OR($R6<>"",$S6<>""),1,0)) | AF6: =IF(AND($A6="",$B6=""),"",IF(Z6=1,IF(AE6=1,N($R6),AD6),0)) | AG6: =IF(AND($A6="",$B6=""),"",IF(Z6=1,IF(AE6=1,N($S6),AC6),0)) | AH6: =IF(AND($A6="",$B6=""),"",IF(AND(ISNUMBER($I6),N($I6)>0),$I6,0)) | AI6: =IF(AND(NOT(AND($A6="",$B6="")),$K6="Point",N($L6)>0),SQRT(N($L6)/PI()),"") | AJ6: =IF(AND($A6="",$B6=""),"",IFERROR(VLOOKUP($G6,Lists!$D$4:$E$15,2,FALSE),"Not reported")) | AK6: =IF(AND($A6="",$B6=""),"",IF($X6<>"",$X6,IF($T6<>"Y","Not assessed",IF(AND(ISNUMBER($V6),Setup!$B$6-$V6>Setup!$B$26),"Assessment outdated",IF(NOT(ISNUMBER($W6)),"Assessed – no score",IF($W6>=Setup!$B$24,"High",IF($W6>=Setup!$B$25,"Moderate","Low"))))))) | AL6: =IF(AND($A6="",$B6=""),"",IF(Z6=0,"",IF(AND(AE6=1,N($R6)>AD6*1.01+0.001),"Net terrestrial > gross; ","")&IF(AND(AE6=1,N($S6)>AC6*1.01+0.001),"Net marine > gross; ","")&IF(AE6=0,"No net area – gross used, overlaps may be double-counted; ","")&IF(AH6=0,"STATUS_YR missing – imputed in time series; ","")&IF(AND(ISNUMBER($I6),N($I6)>Setup!$B$6),"STATUS_YR after reporting year; ","")&IF(OR($G6="",$G6="Not Reported"),"GOV_TYPE not reported; ","")&IF(AND(N($J6)=1,$K6="Point",N($M6)<=0),"Coastal point without REP_M_AREA – land/sea split unknown; ","")&IF(AND(N($J6)=0,N($S6)>0),"MARINE=0 but net marine >0; ","")&IF(AND(N($J6)=2,N($R6)>0),"MARINE=2 but net terrestrial >0; ","")&IF($K6="Point","Buffered point – coverage approximate; ","")))
A7: 9739 | B7: Théniet El Had | C7: National Park | D7: National | E7: PA | F7: II | G7: Federal or national ministry or agency | H7: Designated | I7: 1983 | J7: 0 | K7: Polygon | L7: 34.24 | M7: 0 | N7: 40.47 | O7: 0 | P7: N | R7: 40.556 | S7: 0 | T7: N | Z7: =IF(AND($A7="",$B7=""),"",IF(OR($E7="",$H7="",$H7="Proposed",$H7="Not Reported"),0,IF(AND($P7="Y",$Q7<>"Y"),0,IF(AND($K7="Point",N($L7)<=0),0,IF(AND(N($L7)<=0,N($N7)<=0,N($R7)+N($S7)<=0),0,1))))) | AA7: =IF(AND($A7="",$B7=""),"",IF($E7="","Site type missing",IF($H7="","STATUS missing",IF($H7="Proposed","STATUS = Proposed",IF($H7="Not Reported","STATUS = Not Reported",IF(AND($P7="Y",$Q7<>"Y"),"UNESCO-MAB Biosphere Reserve",IF(AND($K7="Point",N($L7)<=0),"Point without REP_AREA",IF(AND(N($L7)<=0,N($N7)<=0,N($R7)+N($S7)<=0),"No area information","")))))))) | AB7: =IF(AND($A7="",$B7=""),"",IF($K7="Point",N($L7),IF(N($N7)>0,N($N7),N($L7)))) | AC7: =IF(AND($A7="",$B7=""),"",MIN(AB7,IF(N($J7)=0,0,IF(N($J7)=2,AB7,IF(AND($K7<>"Point",N($O7)>0),N($O7),N($M7)))))) | AD7: =IF(AND($A7="",$B7=""),"",MAX(0,AB7-AC7)) | AE7: =IF(AND($A7="",$B7=""),"",IF(OR($R7<>"",$S7<>""),1,0)) | AF7: =IF(AND($A7="",$B7=""),"",IF(Z7=1,IF(AE7=1,N($R7),AD7),0)) | AG7: =IF(AND($A7="",$B7=""),"",IF(Z7=1,IF(AE7=1,N($S7),AC7),0)) | AH7: =IF(AND($A7="",$B7=""),"",IF(AND(ISNUMBER($I7),N($I7)>0),$I7,0)) | AI7: =IF(AND(NOT(AND($A7="",$B7="")),$K7="Point",N($L7)>0),SQRT(N($L7)/PI()),"") | AJ7: =IF(AND($A7="",$B7=""),"",IFERROR(VLOOKUP($G7,Lists!$D$4:$E$15,2,FALSE),"Not reported")) | AK7: =IF(AND($A7="",$B7=""),"",IF($X7<>"",$X7,IF($T7<>"Y","Not assessed",IF(AND(ISNUMBER($V7),Setup!$B$6-$V7>Setup!$B$26),"Assessment outdated",IF(NOT(ISNUMBER($W7)),"Assessed – no score",IF($W7>=Setup!$B$24,"High",IF($W7>=Setup!$B$25,"Moderate","Low"))))))) | AL7: =IF(AND($A7="",$B7=""),"",IF(Z7=0,"",IF(AND(AE7=1,N($R7)>AD7*1.01+0.001),"Net terrestrial > gross; ","")&IF(AND(AE7=1,N($S7)>AC7*1.01+0.001),"Net marine > gross; ","")&IF(AE7=0,"No net area – gross used, overlaps may be double-counted; ","")&IF(AH7=0,"STATUS_YR missing – imputed in time series; ","")&IF(AND(ISNUMBER($I7),N($I7)>Setup!$B$6),"STATUS_YR after reporting year; ","")&IF(OR($G7="",$G7="Not Reported"),"GOV_TYPE not reported; ","")&IF(AND(N($J7)=1,$K7="Point",N($M7)<=0),"Coastal point without REP_M_AREA – land/sea split unknown; ","")&IF(AND(N($J7)=0,N($S7)>0),"MARINE=0 but net marine >0; ","")&IF(AND(N($J7)=2,N($R7)>0),"MARINE=2 but net terrestrial >0; ","")&IF($K7="Point","Buffered point – coverage approximate; ","")))
A8: 9740 | B8: Chréa | C8: National Park | D8: National | E8: PA | F8: II | G8: Federal or national ministry or agency | H8: Designated | I8: 1983 | J8: 0 | K8: Polygon | L8: 265.87 | M8: 0 | N8: 276.858 | O8: 0 | P8: N | R8: 277.412 | S8: 0 | T8: Y | U8: Other | V8: 2013 | Y8: GD-PAME: Biosphere Reserve Effectiveness of Management Index (BREMi) 2013 (from record 900713) | Z8: =IF(AND($A8="",$B8=""),"",IF(OR($E8="",$H8="",$H8="Proposed",$H8="Not Reported"),0,IF(AND($P8="Y",$Q8<>"Y"),0,IF(AND($K8="Point",N($L8)<=0),0,IF(AND(N($L8)<=0,N($N8)<=0,N($R8)+N($S8)<=0),0,1))))) | AA8: =IF(AND($A8="",$B8=""),"",IF($E8="","Site type missing",IF($H8="","STATUS missing",IF($H8="Proposed","STATUS = Proposed",IF($H8="Not Reported","STATUS = Not Reported",IF(AND($P8="Y",$Q8<>"Y"),"UNESCO-MAB Biosphere Reserve",IF(AND($K8="Point",N($L8)<=0),"Point without REP_AREA",IF(AND(N($L8)<=0,N($N8)<=0,N($R8)+N($S8)<=0),"No area information","")))))))) | AB8: =IF(AND($A8="",$B8=""),"",IF($K8="Point",N($L8),IF(N($N8)>0,N($N8),N($L8)))) | AC8: =IF(AND($A8="",$B8=""),"",MIN(AB8,IF(N($J8)=0,0,IF(N($J8)=2,AB8,IF(AND($K8<>"Point",N($O8)>0),N($O8),N($M8)))))) | AD8: =IF(AND($A8="",$B8=""),"",MAX(0,AB8-AC8)) | AE8: =IF(AND($A8="",$B8=""),"",IF(OR($R8<>"",$S8<>""),1,0)) | AF8: =IF(AND($A8="",$B8=""),"",IF(Z8=1,IF(AE8=1,N($R8),AD8),0)) | AG8: =IF(AND($A8="",$B8=""),"",IF(Z8=1,IF(AE8=1,N($S8),AC8),0)) | AH8: =IF(AND($A8="",$B8=""),"",IF(AND(ISNUMBER($I8),N($I8)>0),$I8,0)) | AI8: =IF(AND(NOT(AND($A8="",$B8="")),$K8="Point",N($L8)>0),SQRT(N($L8)/PI()),"") | AJ8: =IF(AND($A8="",$B8=""),"",IFERROR(VLOOKUP($G8,Lists!$D$4:$E$15,2,FALSE),"Not reported")) | AK8: =IF(AND($A8="",$B8=""),"",IF($X8<>"",$X8,IF($T8<>"Y","Not assessed",IF(AND(ISNUMBER($V8),Setup!$B$6-$V8>Setup!$B$26),"Assessment outdated",IF(NOT(ISNUMBER($W8)),"Assessed – no score",IF($W8>=Setup!$B$24,"High",IF($W8>=Setup!$B$25,"Moderate","Low"))))))) | AL8: =IF(AND($A8="",$B8=""),"",IF(Z8=0,"",IF(AND(AE8=1,N($R8)>AD8*1.01+0.001),"Net terrestrial > gross; ","")&IF(AND(AE8=1,N($S8)>AC8*1.01+0.001),"Net marine > gross; ","")&IF(AE8=0,"No net area – gross used, overlaps may be double-counted; ","")&IF(AH8=0,"STATUS_YR missing – imputed in time series; ","")&IF(AND(ISNUMBER($I8),N($I8)>Setup!$B$6),"STATUS_YR after reporting year; ","")&IF(OR($G8="",$G8="Not Reported"),"GOV_TYPE not reported; ","")&IF(AND(N($J8)=1,$K8="Point",N($M8)<=0),"Coastal point without REP_M_AREA – land/sea split unknown; ","")&IF(AND(N($J8)=0,N($S8)>0),"MARINE=0 but net marine >0; ","")&IF(AND(N($J8)=2,N($R8)>0),"MARINE=2 but net terrestrial >0; ","")&IF($K8="Point","Buffered point – coverage approximate; ","")))
A9: 9741 | B9: El Kala | C9: National Park | D9: National | E9: PA | F9: II | G9: Federal or national ministry or agency | H9: Designated | I9: 1983 | J9: 0 | K9: Polygon | L9: 764.38 | M9: 32.09 | N9: 776.954 | O9: 0.816 | P9: N | R9: 772.875 | S9: 0.542 | T9: Y | U9: Other | V9: 2013 | Y9: GD-PAME: Biosphere Reserve Effectiveness of Management Index (BREMi) 2013 (from record 26620) | Z9: =IF(AND($A9="",$B9=""),"",IF(OR($E9="",$H9="",$H9="Proposed",$H9="Not Reported"),0,IF(AND($P9="Y",$Q9<>"Y"),0,IF(AND($K9="Point",N($L9)<=0),0,IF(AND(N($L9)<=0,N($N9)<=0,N($R9)+N($S9)<=0),0,1))))) | AA9: =IF(AND($A9="",$B9=""),"",IF($E9="","Site type missing",IF($H9="","STATUS missing",IF($H9="Proposed","STATUS = Proposed",IF($H9="Not Reported","STATUS = Not Reported",IF(AND($P9="Y",$Q9<>"Y"),"UNESCO-MAB Biosphere Reserve",IF(AND($K9="Point",N($L9)<=0),"Point without REP_AREA",IF(AND(N($L9)<=0,N($N9)<=0,N($R9)+N($S9)<=0),"No area information","")))))))) | AB9: =IF(AND($A9="",$B9=""),"",IF($K9="Point",N($L9),IF(N($N9)>0,N($N9),N($L9)))) | AC9: =IF(AND($A9="",$B9=""),"",MIN(AB9,IF(N($J9)=0,0,IF(N($J9)=2,AB9,IF(AND($K9<>"Point",N($O9)>0),N($O9),N($M9)))))) | AD9: =IF(AND($A9="",$B9=""),"",MAX(0,AB9-AC9)) | AE9: =IF(AND($A9="",$B9=""),"",IF(OR($R9<>"",$S9<>""),1,0)) | AF9: =IF(AND($A9="",$B9=""),"",IF(Z9=1,IF(AE9=1,N($R9),AD9),0)) | AG9: =IF(AND($A9="",$B9=""),"",IF(Z9=1,IF(AE9=1,N($S9),AC9),0)) | AH9: =IF(AND($A9="",$B9=""),"",IF(AND(ISNUMBER($I9),N($I9)>0),$I9,0)) | AI9: =IF(AND(NOT(AND($A9="",$B9="")),$K9="Point",N($L9)>0),SQRT(N($L9)/PI()),"") | AJ9: =IF(AND($A9="",$B9=""),"",IFERROR(VLOOKUP($G9,Lists!$D$4:$E$15,2,FALSE),"Not reported")) | AK9: =IF(AND($A9="",$B9=""),"",IF($X9<>"",$X9,IF($T9<>"Y","Not assessed",IF(AND(ISNUMBER($V9),Setup!$B$6-$V9>Setup!$B$26),"Assessment outdated",IF(NOT(ISNUMBER($W9)),"Assessed – no score",IF($W9>=Setup!$B$24,"High",IF($W9>=Setup!$B$25,"Moderate","Low"))))))) | AL9: =IF(AND($A9="",$B9=""),"",IF(Z9=0,"",IF(AND(AE9=1,N($R9)>AD9*1.01+0.001),"Net terrestrial > gross; ","")&IF(AND(AE9=1,N($S9)>AC9*1.01+0.001),"Net marine > gross; ","")&IF(AE9=0,"No net area – gross used, overlaps may be double-counted; ","")&IF(AH9=0,"STATUS_YR missing – imputed in time series; ","")&IF(AND(ISNUMBER($I9),N($I9)>Setup!$B$6),"STATUS_YR after reporting year; ","")&IF(OR($G9="",$G9="Not Reported"),"GOV_TYPE not reported; ","")&IF(AND(N($J9)=1,$K9="Point",N($M9)<=0),"Coastal point without REP_M_AREA – land/sea split unknown; ","")&IF(AND(N($J9)=0,N($S9)>0),"MARINE=0 but net marine >0; ","")&IF(AND(N($J9)=2,N($R9)>0),"MARINE=2 but net terrestrial >0; ","")&IF($K9="Point","Buffered point – coverage approximate; ","")))
A10: 17706 | B10: Réserve Intégrale du Lac Oubeïra | C10: Wetland of International Importance (Ramsar Site) | D10: International | E10: PA | F10: Not Reported | G10: Federal or national ministry or agency | H10: Designated | I10: 1983 | J10: 0 | K10: Polygon | L10: 22 | M10: 0 | N10: 24.051 | O10: 0 | P10: N | R10: 0 | S10: 0 | T10: Y | U10: Other | V10: 2001 | Y10: GD-PAME: Birdlife Important Bird and Biodiversity Area Monitoring (Birdlife IBA) 2001; Overlap attributed to earlier site | Z10: =IF(AND($A10="",$B10=""),"",IF(OR($E10="",$H10="",$H10="Proposed",$H10="Not Reported"),0,IF(AND($P10="Y",$Q10<>"Y"),0,IF(AND($K10="Point",N($L10)<=0),0,IF(AND(N($L10)<=0,N($N10)<=0,N($R10)+N($S10)<=0),0,1))))) | AA10: =IF(AND($A10="",$B10=""),"",IF($E10="","Site type missing",IF($H10="","STATUS missing",IF($H10="Proposed","STATUS = Proposed",IF($H10="Not Reported","STATUS = Not Reported",IF(AND($P10="Y",$Q10<>"Y"),"UNESCO-MAB Biosphere Reserve",IF(AND($K10="Point",N($L10)<=0),"Point without REP_AREA",IF(AND(N($L10)<=0,N($N10)<=0,N($R10)+N($S10)<=0),"No area information","")))))))) | AB10: =IF(AND($A10="",$B10=""),"",IF($K10="Point",N($L10),IF(N($N10)>0,N($N10),N($L10)))) | AC10: =IF(AND($A10="",$B10=""),"",MIN(AB10,IF(N($J10)=0,0,IF(N($J10)=2,AB10,IF(AND($K10<>"Point",N($O10)>0),N($O10),N($M10)))))) | AD10: =IF(AND($A10="",$B10=""),"",MAX(0,AB10-AC10)) | AE10: =IF(AND($A10="",$B10=""),"",IF(OR($R10<>"",$S10<>""),1,0)) | AF10: =IF(AND($A10="",$B10=""),"",IF(Z10=1,IF(AE10=1,N($R10),AD10),0)) | AG10: =IF(AND($A10="",$B10=""),"",IF(Z10=1,IF(AE10=1,N($S10),AC10),0)) | AH10: =IF(AND($A10="",$B10=""),"",IF(AND(ISNUMBER($I10),N($I10)>0),$I10,0)) | AI10: =IF(AND(NOT(AND($A10="",$B10="")),$K10="Point",N($L10)>0),SQRT(N($L10)/PI()),"") | AJ10: =IF(AND($A10="",$B10=""),"",IFERROR(VLOOKUP($G10,Lists!$D$4:$E$15,2,FALSE),"Not reported")) | AK10: =IF(AND($A10="",$B10=""),"",IF($X10<>"",$X10,IF($T10<>"Y","Not assessed",IF(AND(ISNUMBER($V10),Setup!$B$6-$V10>Setup!$B$26),"Assessment outdated",IF(NOT(ISNUMBER($W10)),"Assessed – no score",IF($W10>=Setup!$B$24,"High",IF($W10>=Setup!$B$25,"Moderate","Low"))))))) | AL10: =IF(AND($A10="",$B10=""),"",IF(Z10=0,"",IF(AND(AE10=1,N($R10)>AD10*1.01+0.001),"Net terrestrial > gross; ","")&IF(AND(AE10=1,N($S10)>AC10*1.01+0.001),"Net marine > gross; ","")&IF(AE10=0,"No net area – gross used, overlaps may be double-counted; ","")&IF(AH10=0,"STATUS_YR missing – imputed in time series; ","")&IF(AND(ISNUMBER($I10),N($I10)>Setup!$B$6),"STATUS_YR after reporting year; ","")&IF(OR($G10="",$G10="Not Reported"),"GOV_TYPE not reported; ","")&IF(AND(N($J10)=1,$K10="Point",N($M10)<=0),"Coastal point without REP_M_AREA – land/sea split unknown; ","")&IF(AND(N($J10)=0,N($S10)>0),"MARINE=0 but net marine >0; ","")&IF(AND(N($J10)=2,N($R10)>0),"MARINE=2 but net terrestrial >0; ","")&IF($K10="Point","Buffered point – coverage approximate; ","")))
A11: 67756 | B11: Réserve Intégrale du Lac Tonga | C11: Wetland of International Importance (Ramsar Site) | D11: International | E11: PA | F11: Not Reported | G11: Federal or national ministry or agency | H11: Designated | I11: 1983 | J11: 0 | K11: Polygon | L11: 27 | M11: 0 | N11: 52.833 | O11: 0.148 | P11: N | R11: 0.098 | S11: 0.109 | T11: Y | U11: Other | V11: 2001 | Y11: GD-PAME: Birdlife Important Bird and Biodiversity Area Monitoring (Birdlife IBA) 2001; Overlap attributed to earlier site | Z11: =IF(AND($A11="",$B11=""),"",IF(OR($E11="",$H11="",$H11="Proposed",$H11="Not Reported"),0,IF(AND($P11="Y",$Q11<>"Y"),0,IF(AND($K11="Point",N($L11)<=0),0,IF(AND(N($L11)<=0,N($N11)<=0,N($R11)+N($S11)<=0),0,1))))) | AA11: =IF(AND($A11="",$B11=""),"",IF($E11="","Site type missing",IF($H11="","STATUS missing",IF($H11="Proposed","STATUS = Proposed",IF($H11="Not Reported","STATUS = Not Reported",IF(AND($P11="Y",$Q11<>"Y"),"UNESCO-MAB Biosphere Reserve",IF(AND($K11="Point",N($L11)<=0),"Point without REP_AREA",IF(AND(N($L11)<=0,N($N11)<=0,N($R11)+N($S11)<=0),"No area information","")))))))) | AB11: =IF(AND($A11="",$B11=""),"",IF($K11="Point",N($L11),IF(N($N11)>0,N($N11),N($L11)))) | AC11: =IF(AND($A11="",$B11=""),"",MIN(AB11,IF(N($J11)=0,0,IF(N($J11)=2,AB11,IF(AND($K11<>"Point",N($O11)>0),N($O11),N($M11)))))) | AD11: =IF(AND($A11="",$B11=""),"",MAX(0,AB11-AC11)) | AE11: =IF(AND($A11="",$B11=""),"",IF(OR($R11<>"",$S11<>""),1,0)) | AF11: =IF(AND($A11="",$B11=""),"",IF(Z11=1,IF(AE11=1,N($R11),AD11),0)) | AG11: =IF(AND($A11="",$B11=""),"",IF(Z11=1,IF(AE11=1,N($S11),AC11),0)) | AH11: =IF(AND($A11="",$B11=""),"",IF(AND(ISNUMBER($I11),N($I11)>0),$I11,0)) | AI11: =IF(AND(NOT(AND($A11="",$B11="")),$K11="Point",N($L11)>0),SQRT(N($L11)/PI()),"") | AJ11: =IF(AND($A11="",$B11=""),"",IFERROR(VLOOKUP($G11,Lists!$D$4:$E$15,2,FALSE),"Not reported")) | AK11: =IF(AND($A11="",$B11=""),"",IF($X11<>"",$X11,IF($T11<>"Y","Not assessed",IF(AND(ISNUMBER($V11),Setup!$B$6-$V11>Setup!$B$26),"Assessment outdated",IF(NOT(ISNUMBER($W11)),"Assessed – no score",IF($W11>=Setup!$B$24,"High",IF($W11>=Setup!$B$25,"Moderate","Low"))))))) | AL11: =IF(AND($A11="",$B11=""),"",IF(Z11=0,"",IF(AND(AE11=1,N($R11)>AD11*1.01+0.001),"Net terrestrial > gross; ","")&IF(AND(AE11=1,N($S11)>AC11*1.01+0.001),"Net marine > gross; ","")&IF(AE11=0,"No net area – gross used, overlaps may be double-counted; ","")&IF(AH11=0,"STATUS_YR missing – imputed in time series; ","")&IF(AND(ISNUMBER($I11),N($I11)>Setup!$B$6),"STATUS_YR after reporting year; ","")&IF(OR($G11="",$G11="Not Reported"),"GOV_TYPE not reported; ","")&IF(AND(N($J11)=1,$K11="Point",N($M11)<=0),"Coastal point without REP_M_AREA – land/sea split unknown; ","")&IF(AND(N($J11)=0,N($S11)>0),"MARINE=0 but net marine >0; ","")&IF(AND(N($J11)=2,N($R11)>0),"MARINE=2 but net terrestrial >0; ","")&IF($K11="Point","Buffered point – coverage approximate; ","")))
A12: 9742 | B12: Belezma | C12: National Park | D12: National | E12: PA | F12: II | G12: Federal or national ministry or agency | H12: Designated | I12: 1984 | J12: 0 | K12: Polygon | L12: 262.5 | M12: 0 | N12: 272.123 | O12: 0 | P12: N | R12: 272.716 | S12: 0 | T12: N | Z12: =IF(AND($A12="",$B12=""),"",IF(OR($E12="",$H12="",$H12="Proposed",$H12="Not Reported"),0,IF(AND($P12="Y",$Q12<>"Y"),0,IF(AND($K12="Point",N($L12)<=0),0,IF(AND(N($L12)<=0,N($N12)<=0,N($R12)+N($S12)<=0),0,1))))) | AA12: =IF(AND($A12="",$B12=""),"",IF($E12="","Site type missing",IF($H12="","STATUS missing",IF($H12="Proposed","STATUS = Proposed",IF($H12="Not Reported","STATUS = Not Reported",IF(AND($P12="Y",$Q12<>"Y"),"UNESCO-MAB Biosphere Reserve",IF(AND($K12="Point",N($L12)<=0),"Point without REP_AREA",IF(AND(N($L12)<=0,N($N12)<=0,N($R12)+N($S12)<=0),"No area information","")))))))) | AB12: =IF(AND($A12="",$B12=""),"",IF($K12="Point",N($L12),IF(N($N12)>0,N($N12),N($L12)))) | AC12: =IF(AND($A12="",$B12=""),"",MIN(AB12,IF(N($J12)=0,0,IF(N($J12)=2,AB12,IF(AND($K12<>"Point",N($O12)>0),N($O12),N($M12)))))) | AD12: =IF(AND($A12="",$B12=""),"",MAX(0,AB12-AC12)) | AE12: =IF(AND($A12="",$B12=""),"",IF(OR($R12<>"",$S12<>""),1,0)) | AF12: =IF(AND($A12="",$B12=""),"",IF(Z12=1,IF(AE12=1,N($R12),AD12),0)) | AG12: =IF(AND($A12="",$B12=""),"",IF(Z12=1,IF(AE12=1,N($S12),AC12),0)) | AH12: =IF(AND($A12="",$B12=""),"",IF(AND(ISNUMBER($I12),N($I12)>0),$I12,0)) | AI12: =IF(AND(NOT(AND($A12="",$B12="")),$K12="Point",N($L12)>0),SQRT(N($L12)/PI()),"") | AJ12: =IF(AND($A12="",$B12=""),"",IFERROR(VLOOKUP($G12,Lists!$D$4:$E$15,2,FALSE),"Not reported")) | AK12: =IF(AND($A12="",$B12=""),"",IF($X12<>"",$X12,IF($T12<>"Y","Not assessed",IF(AND(ISNUMBER($V12),Setup!$B$6-$V12>Setup!$B$26),"Assessment outdated",IF(NOT(ISNUMBER($W12)),"Assessed – no score",IF($W12>=Setup!$B$24,"High",IF($W12>=Setup!$B$25,"Moderate","Low"))))))) | AL12: =IF(AND($A12="",$B12=""),"",IF(Z12=0,"",IF(AND(AE12=1,N($R12)>AD12*1.01+0.001),"Net terrestrial > gross; ","")&IF(AND(AE12=1,N($S12)>AC12*1.01+0.001),"Net marine > gross; ","")&IF(AE12=0,"No net area – gross used, overlaps may be double-counted; ","")&IF(AH12=0,"STATUS_YR missing – imputed in time series; ","")&IF(AND(ISNUMBER($I12),N($I12)>Setup!$B$6),"STATUS_YR after reporting year; ","")&IF(OR($G12="",$G12="Not Reported"),"GOV_TYPE not reported; ","")&IF(AND(N($J12)=1,$K12="Point",N($M12)<=0),"Coastal point without REP_M_AREA – land/sea split unknown; ","")&IF(AND(N($J12)=0,N($S12)>0),"MARINE=0 but net marine >0; ","")&IF(AND(N($J12)=2,N($R12)>0),"MARINE=2 but net terrestrial >0; ","")&IF($K12="Point","Buffered point – coverage approximate; ","")))
A13: 9743 | B13: Taza | C13: National Park | D13: National | E13: PA | F13: II | G13: Federal or national ministry or agency | H13: Designated | I13: 1984 | J13: 0 | K13: Polygon | L13: 38.07 | M13: 8.97 | N13: 41.155 | O13: 0.502 | P13: N | R13: 41.069 | S13: 0.165 | T13: Y | U13: Other | V13: 2013 | Y13: GD-PAME: Biosphere Reserve Effectiveness of Management Index (BREMi) 2013 (from record 902530); Governance of Biodiversity Research Project (GOBI Survey) 2006 (from record 902530) | Z13: =IF(AND($A13="",$B13=""),"",IF(OR($E13="",$H13="",$H13="Proposed",$H13="Not Reported"),0,IF(AND($P13="Y",$Q13<>"Y"),0,IF(AND($K13="Point",N($L13)<=0),0,IF(AND(N($L13)<=0,N($N13)<=0,N($R13)+N($S13)<=0),0,1))))) | AA13: =IF(AND($A13="",$B13=""),"",IF($E13="","Site type missing",IF($H13="","STATUS missing",IF($H13="Proposed","STATUS = Proposed",IF($H13="Not Reported","STATUS = Not Reported",IF(AND($P13="Y",$Q13<>"Y"),"UNESCO-MAB Biosphere Reserve",IF(AND($K13="Point",N($L13)<=0),"Point without REP_AREA",IF(AND(N($L13)<=0,N($N13)<=0,N($R13)+N($S13)<=0),"No area information","")))))))) | AB13: =IF(AND($A13="",$B13=""),"",IF($K13="Point",N($L13),IF(N($N13)>0,N($N13),N($L13)))) | AC13: =IF(AND($A13="",$B13=""),"",MIN(AB13,IF(N($J13)=0,0,IF(N($J13)=2,AB13,IF(AND($K13<>"Point",N($O13)>0),N($O13),N($M13)))))) | AD13: =IF(AND($A13="",$B13=""),"",MAX(0,AB13-AC13)) | AE13: =IF(AND($A13="",$B13=""),"",IF(OR($R13<>"",$S13<>""),1,0)) | AF13: =IF(AND($A13="",$B13=""),"",IF(Z13=1,IF(AE13=1,N($R13),AD13),0)) | AG13: =IF(AND($A13="",$B13=""),"",IF(Z13=1,IF(AE13=1,N($S13),AC13),0)) | AH13: =IF(AND($A13="",$B13=""),"",IF(AND(ISNUMBER($I13),N($I13)>0),$I13,0)) | AI13: =IF(AND(NOT(AND($A13="",$B13="")),$K13="Point",N($L13)>0),SQRT(N($L13)/PI()),"") | AJ13: =IF(AND($A13="",$B13=""),"",IFERROR(VLOOKUP($G13,Lists!$D$4:$E$15,2,FALSE),"Not reported")) | AK13: =IF(AND($A13="",$B13=""),"",IF($X13<>"",$X13,IF($T13<>"Y","Not assessed",IF(AND(ISNUMBER($V13),Setup!$B$6-$V13>Setup!$B$26),"Assessment outdated",IF(NOT(ISNUMBER($W13)),"Assessed – no score",IF($W13>=Setup!$B$24,"High",IF($W13>=Setup!$B$25,"Moderate","Low"))))))) | AL13: =IF(AND($A13="",$B13=""),"",IF(Z13=0,"",IF(AND(AE13=1,N($R13)>AD13*1.01+0.001),"Net terrestrial > gross; ","")&IF(AND(AE13=1,N($S13)>AC13*1.01+0.001),"Net marine > gross; ","")&IF(AE13=0,"No net area – gross used, overlaps may be double-counted; ","")&IF(AH13=0,"STATUS_YR missing – imputed in time series; ","")&IF(AND(ISNUMBER($I13),N($I13)>Setup!$B$6),"STATUS_YR after reporting year; ","")&IF(OR($G13="",$G13="Not Reported"),"GOV_TYPE not reported; ","")&IF(AND(N($J13)=1,$K13="Point",N($M13)<=0),"Coastal point without REP_M_AREA – land/sea split unknown; ","")&IF(AND(N($J13)=0,N($S13)>0),"MARINE=0 but net marine >0; ","")&IF(AND(N($J13)=2,N($R13)>0),"MARINE=2 but net terrestrial >0; ","")&IF($K13="Point","Buffered point – coverage approximate; ","")))
A14: 9747 | B14: Gouraya | C14: National Park | D14: National | E14: PA | F14: II | G14: Federal or national ministry or agency | H14: Designated | I14: 1984 | J14: 0 | K14: Polygon | L14: 20.8 | M14: 10.21 | N14: 21.2 | O14: 1.195 | P14: N | R14: 21.039 | S14: 0.202 | T14: Y | U14: Other | V14: 2013 | Y14: GD-PAME: Biosphere Reserve Effectiveness of Management Index (BREMi) 2013 (from record 902531); Governance of Biodiversity Research Project (GOBI Survey) 2006 (from record 902531) | Z14: =IF(AND($A14="",$B14=""),"",IF(OR($E14="",$H14="",$H14="Proposed",$H14="Not Reported"),0,IF(AND($P14="Y",$Q14<>"Y"),0,IF(AND($K14="Point",N($L14)<=0),0,IF(AND(N($L14)<=0,N($N14)<=0,N($R14)+N($S14)<=0),0,1))))) | AA14: =IF(AND($A14="",$B14=""),"",IF($E14="","Site type missing",IF($H14="","STATUS missing",IF($H14="Proposed","STATUS = Proposed",IF($H14="Not Reported","STATUS = Not Reported",IF(AND($P14="Y",$Q14<>"Y"),"UNESCO-MAB Biosphere Reserve",IF(AND($K14="Point",N($L14)<=0),"Point without REP_AREA",IF(AND(N($L14)<=0,N($N14)<=0,N($R14)+N($S14)<=0),"No area information","")))))))) | AB14: =IF(AND($A14="",$B14=""),"",IF($K14="Point",N($L14),IF(N($N14)>0,N($N14),N($L14)))) | AC14: =IF(AND($A14="",$B14=""),"",MIN(AB14,IF(N($J14)=0,0,IF(N($J14)=2,AB14,IF(AND($K14<>"Point",N($O14)>0),N($O14),N($M14)))))) | AD14: =IF(AND($A14="",$B14=""),"",MAX(0,AB14-AC14)) | AE14: =IF(AND($A14="",$B14=""),"",IF(OR($R14<>"",$S14<>""),1,0)) | AF14: =IF(AND($A14="",$B14=""),"",IF(Z14=1,IF(AE14=1,N($R14),AD14),0)) | AG14: =IF(AND($A14="",$B14=""),"",IF(Z14=1,IF(AE14=1,N($S14),AC14),0)) | AH14: =IF(AND($A14="",$B14=""),"",IF(AND(ISNUMBER($I14),N($I14)>0),$I14,0)) | AI14: =IF(AND(NOT(AND($A14="",$B14="")),$K14="Point",N($L14)>0),SQRT(N($L14)/PI()),"") | AJ14: =IF(AND($A14="",$B14=""),"",IFERROR(VLOOKUP($G14,Lists!$D$4:$E$15,2,FALSE),"Not reported")) | AK14: =IF(AND($A14="",$B14=""),"",IF($X14<>"",$X14,IF($T14<>"Y","Not assessed",IF(AND(ISNUMBER($V14),Setup!$B$6-$V14>Setup!$B$26),"Assessment outdated",IF(NOT(ISNUMBER($W14)),"Assessed – no score",IF($W14>=Setup!$B$24,"High",IF($W14>=Setup!$B$25,"Moderate","Low"))))))) | AL14: =IF(AND($A14="",$B14=""),"",IF(Z14=0,"",IF(AND(AE14=1,N($R14)>AD14*1.01+0.001),"Net terrestrial > gross; ","")&IF(AND(AE14=1,N($S14)>AC14*1.01+0.001),"Net marine > gross; ","")&IF(AE14=0,"No net area – gross used, overlaps may be double-counted; ","")&IF(AH14=0,"STATUS_YR missing – imputed in time series; ","")&IF(AND(ISNUMBER($I14),N($I14)>Setup!$B$6),"STATUS_YR after reporting year; ","")&IF(OR($G14="",$G14="Not Reported"),"GOV_TYPE not reported; ","")&IF(AND(N($J14)=1,$K14="Point",N($M14)<=0),"Coastal point without REP_M_AREA – land/sea split unknown; ","")&IF(AND(N($J14)=0,N($S14)>0),"MARINE=0 but net marine >0; ","")&IF(AND(N($J14)=2,N($R14)>0),"MARINE=2 but net terrestrial >0; ","")&IF($K14="Point","Buffered point – coverage approximate; ","")))
A15: 20389 | B15: Tassili N'Ajjer | C15: UNESCO-MAB Biosphere Reserve | D15: International | E15: PA | F15: Not Applicable | G15: Not Reported | H15: Designated | I15: 1986 | J15: 0 | K15: Polygon | L15: 72000 | M15: 0 | N15: 98902.485 | O15: 0 | P15: Y | T15: N | Y15: Excluded in GIS: UNESCO-MAB Biosphere Reserve | Z15: =IF(AND($A15="",$B15=""),"",IF(OR($E15="",$H15="",$H15="Proposed",$H15="Not Reported"),0,IF(AND($P15="Y",$Q15<>"Y"),0,IF(AND($K15="Point",N($L15)<=0),0,IF(AND(N($L15)<=0,N($N15)<=0,N($R15)+N($S15)<=0),0,1))))) | AA15: =IF(AND($A15="",$B15=""),"",IF($E15="","Site type missing",IF($H15="","STATUS missing",IF($H15="Proposed","STATUS = Proposed",IF($H15="Not Reported","STATUS = Not Reported",IF(AND($P15="Y",$Q15<>"Y"),"UNESCO-MAB Biosphere Reserve",IF(AND($K15="Point",N($L15)<=0),"Point without REP_AREA",IF(AND(N($L15)<=0,N($N15)<=0,N($R15)+N($S15)<=0),"No area information","")))))))) | AB15: =IF(AND($A15="",$B15=""),"",IF($K15="Point",N($L15),IF(N($N15)>0,N($N15),N($L15)))) | AC15: =IF(AND($A15="",$B15=""),"",MIN(AB15,IF(N($J15)=0,0,IF(N($J15)=2,AB15,IF(AND($K15<>"Point",N($O15)>0),N($O15),N($M15)))))) | AD15: =IF(AND($A15="",$B15=""),"",MAX(0,AB15-AC15)) | AE15: =IF(AND($A15="",$B15=""),"",IF(OR($R15<>"",$S15<>""),1,0)) | AF15: =IF(AND($A15="",$B15=""),"",IF(Z15=1,IF(AE15=1,N($R15),AD15),0)) | AG15: =IF(AND($A15="",$B15=""),"",IF(Z15=1,IF(AE15=1,N($S15),AC15),0)) | AH15: =IF(AND($A15="",$B15=""),"",IF(AND(ISNUMBER($I15),N($I15)>0),$I15,0)) | AI15: =IF(AND(NOT(AND($A15="",$B15="")),$K15="Point",N($L15)>0),SQRT(N($L15)/PI()),"") | AJ15: =IF(AND($A15="",$B15=""),"",IFERROR(VLOOKUP($G15,Lists!$D$4:$E$15,2,FALSE),"Not reported")) | AK15: =IF(AND($A15="",$B15=""),"",IF($X15<>"",$X15,IF($T15<>"Y","Not assessed",IF(AND(ISNUMBER($V15),Setup!$B$6-$V15>Setup!$B$26),"Assessment outdated",IF(NOT(ISNUMBER($W15)),"Assessed – no score",IF($W15>=Setup!$B$24,"High",IF($W15>=Setup!$B$25,"Moderate","Low"))))))) | AL15: =IF(AND($A15="",$B15=""),"",IF(Z15=0,"",IF(AND(AE15=1,N($R15)>AD15*1.01+0.001),"Net terrestrial > gross; ","")&IF(AND(AE15=1,N($S15)>AC15*1.01+0.001),"Net marine > gross; ","")&IF(AE15=0,"No net area – gross used, overlaps may be double-counted; ","")&IF(AH15=0,"STATUS_YR missing – imputed in time series; ","")&IF(AND(ISNUMBER($I15),N($I15)>Setup!$B$6),"STATUS_YR after reporting year; ","")&IF(OR($G15="",$G15="Not Reported"),"GOV_TYPE not reported; ","")&IF(AND(N($J15)=1,$K15="Point",N($M15)<=0),"Coastal point without REP_M_AREA – land/sea split unknown; ","")&IF(AND(N($J15)=0,N($S15)>0),"MARINE=0 but net marine >0; ","")&IF(AND(N($J15)=2,N($R15)>0),"MARINE=2 but net terrestrial >0; ","")&IF($K15="Point","Buffered point – coverage approximate; ","")))
A16: 26620 | B16: El Kala | C16: UNESCO-MAB Biosphere Reserve | D16: International | E16: PA | F16: Not Applicable | G16: Not Reported | H16: Designated | I16: 1990 | J16: 0 | K16: Polygon | L16: 764.38 | M16: 0 | N16: 776.954 | O16: 0.816 | P16: Y | T16: N | Y16: Excluded in GIS: UNESCO-MAB Biosphere Reserve | Z16: =IF(AND($A16="",$B16=""),"",IF(OR($E16="",$H16="",$H16="Proposed",$H16="Not Reported"),0,IF(AND($P16="Y",$Q16<>"Y"),0,IF(AND($K16="Point",N($L16)<=0),0,IF(AND(N($L16)<=0,N($N16)<=0,N($R16)+N($S16)<=0),0,1))))) | AA16: =IF(AND($A16="",$B16=""),"",IF($E16="","Site type missing",IF($H16="","STATUS missing",IF($H16="Proposed","STATUS = Proposed",IF($H16="Not Reported","STATUS = Not Reported",IF(AND($P16="Y",$Q16<>"Y"),"UNESCO-MAB Biosphere Reserve",IF(AND($K16="Point",N($L16)<=0),"Point without REP_AREA",IF(AND(N($L16)<=0,N($N16)<=0,N($R16)+N($S16)<=0),"No area information","")))))))) | AB16: =IF(AND($A16="",$B16=""),"",IF($K16="Point",N($L16),IF(N($N16)>0,N($N16),N($L16)))) | AC16: =IF(AND($A16="",$B16=""),"",MIN(AB16,IF(N($J16)=0,0,IF(N($J16)=2,AB16,IF(AND($K16<>"Point",N($O16)>0),N($O16),N($M16)))))) | AD16: =IF(AND($A16="",$B16=""),"",MAX(0,AB16-AC16)) | AE16: =IF(AND($A16="",$B16=""),"",IF(OR($R16<>"",$S16<>""),1,0)) | AF16: =IF(AND($A16="",$B16=""),"",IF(Z16=1,IF(AE16=1,N($R16),AD16),0)) | AG16: =IF(AND($A16="",$B16=""),"",IF(Z16=1,IF(AE16=1,N($S16),AC16),0)) | AH16: =IF(AND($A16="",$B16=""),"",IF(AND(ISNUMBER($I16),N($I16)>0),$I16,0)) | AI16: =IF(AND(NOT(AND($A16="",$B16="")),$K16="Point",N($L16)>0),SQRT(N($L16)/PI()),"") | AJ16: =IF(AND($A16="",$B16=""),"",IFERROR(VLOOKUP($G16,Lists!$D$4:$E$15,2,FALSE),"Not reported")) | AK16: =IF(AND($A16="",$B16=""),"",IF($X16<>"",$X16,IF($T16<>"Y","Not assessed",IF(AND(ISNUMBER($V16),Setup!$B$6-$V16>Setup!$B$26),"Assessment outdated",IF(NOT(ISNUMBER($W16)),"Assessed – no score",IF($W16>=Setup!$B$24,"High",IF($W16>=Setup!$B$25,"Moderate","Low"))))))) | AL16: =IF(AND($A16="",$B16=""),"",IF(Z16=0,"",IF(AND(AE16=1,N($R16)>AD16*1.01+0.001),"Net terrestrial > gross; ","")&IF(AND(AE16=1,N($S16)>AC16*1.01+0.001),"Net marine > gross; ","")&IF(AE16=0,"No net area – gross used, overlaps may be double-counted; ","")&IF(AH16=0,"STATUS_YR missing – imputed in time series; ","")&IF(AND(ISNUMBER($I16),N($I16)>Setup!$B$6),"STATUS_YR after reporting year; ","")&IF(OR($G16="",$G16="Not Reported"),"GOV_TYPE not reported; ","")&IF(AND(N($J16)=1,$K16="Point",N($M16)<=0),"Coastal point without REP_M_AREA – land/sea split unknown; ","")&IF(AND(N($J16)=0,N($S16)>0),"MARINE=0 but net marine >0; ","")&IF(AND(N($J16)=2,N($R16)>0),"MARINE=2 but net terrestrial >0; ","")&IF($K16="Point","Buffered point – coverage approximate; ","")))
A17: 101170 | B17: Tlemcen | C17: National Park | D17: National | E17: PA | F17: II | G17: Federal or national ministry or agency | H17: Designated | I17: 1993 | J17: 0 | K17: Polygon | L17: 82.25 | M17: 0 | N17: 82.011 | O17: 0 | P17: N | R17: 82.203 | S17: 0 | T17: N | Z17: =IF(AND($A17="",$B17=""),"",IF(OR($E17="",$H17="",$H17="Proposed",$H17="Not Reported"),0,IF(AND($P17="Y",$Q17<>"Y"),0,IF(AND($K17="Point",N($L17)<=0),0,IF(AND(N($L17)<=0,N($N17)<=0,N($R17)+N($S17)<=0),0,1))))) | AA17: =IF(AND($A17="",$B17=""),"",IF($E17="","Site type missing",IF($H17="","STATUS missing",IF($H17="Proposed","STATUS = Proposed",IF($H17="Not Reported","STATUS = Not Reported",IF(AND($P17="Y",$Q17<>"Y"),"UNESCO-MAB Biosphere Reserve",IF(AND($K17="Point",N($L17)<=0),"Point without REP_AREA",IF(AND(N($L17)<=0,N($N17)<=0,N($R17)+N($S17)<=0),"No area information","")))))))) | AB17: =IF(AND($A17="",$B17=""),"",IF($K17="Point",N($L17),IF(N($N17)>0,N($N17),N($L17)))) | AC17: =IF(AND($A17="",$B17=""),"",MIN(AB17,IF(N($J17)=0,0,IF(N($J17)=2,AB17,IF(AND($K17<>"Point",N($O17)>0),N($O17),N($M17)))))) | AD17: =IF(AND($A17="",$B17=""),"",MAX(0,AB17-AC17)) | AE17: =IF(AND($A17="",$B17=""),"",IF(OR($R17<>"",$S17<>""),1,0)) | AF17: =IF(AND($A17="",$B17=""),"",IF(Z17=1,IF(AE17=1,N($R17),AD17),0)) | AG17: =IF(AND($A17="",$B17=""),"",IF(Z17=1,IF(AE17=1,N($S17),AC17),0)) | AH17: =IF(AND($A17="",$B17=""),"",IF(AND(ISNUMBER($I17),N($I17)>0),$I17,0)) | AI17: =IF(AND(NOT(AND($A17="",$B17="")),$K17="Point",N($L17)>0),SQRT(N($L17)/PI()),"") | AJ17: =IF(AND($A17="",$B17=""),"",IFERROR(VLOOKUP($G17,Lists!$D$4:$E$15,2,FALSE),"Not reported")) | AK17: =IF(AND($A17="",$B17=""),"",IF($X17<>"",$X17,IF($T17<>"Y","Not assessed",IF(AND(ISNUMBER($V17),Setup!$B$6-$V17>Setup!$B$26),"Assessment outdated",IF(NOT(ISNUMBER($W17)),"Assessed – no score",IF($W17>=Setup!$B$24,"High",IF($W17>=Setup!$B$25,"Moderate","Low"))))))) | AL17: =IF(AND($A17="",$B17=""),"",IF(Z17=0,"",IF(AND(AE17=1,N($R17)>AD17*1.01+0.001),"Net terrestrial > gross; ","")&IF(AND(AE17=1,N($S17)>AC17*1.01+0.001),"Net marine > gross; ","")&IF(AE17=0,"No net area – gross used, overlaps may be double-counted; ","")&IF(AH17=0,"STATUS_YR missing – imputed in time series; ","")&IF(AND(ISNUMBER($I17),N($I17)>Setup!$B$6),"STATUS_YR after reporting year; ","")&IF(OR($G17="",$G17="Not Reported"),"GOV_TYPE not reported; ","")&IF(AND(N($J17)=1,$K17="Point",N($M17)<=0),"Coastal point without REP_M_AREA – land/sea split unknown; ","")&IF(AND(N($J17)=0,N($S17)>0),"MARINE=0 but net marine >0; ","")&IF(AND(N($J17)=2,N($R17)>0),"MARINE=2 but net terrestrial >0; ","")&IF($K17="Point","Buffered point – coverage approximate; ","")))
A18: 145569 | B18: Djurdjura | C18: UNESCO-MAB Biosphere Reserve | D18: International | E18: PA | F18: Not Applicable | G18: Not Reported | H18: Designated | I18: 1997 | J18: 0 | K18: Polygon | L18: 376.9073 | M18: 0 | N18: 379.97 | O18: 0 | P18: Y | T18: N | Y18: Excluded in GIS: UNESCO-MAB Biosphere Reserve | Z18: =IF(AND($A18="",$B18=""),"",IF(OR($E18="",$H18="",$H18="Proposed",$H18="Not Reported"),0,IF(AND($P18="Y",$Q18<>"Y"),0,IF(AND($K18="Point",N($L18)<=0),0,IF(AND(N($L18)<=0,N($N18)<=0,N($R18)+N($S18)<=0),0,1))))) | AA18: =IF(AND($A18="",$B18=""),"",IF($E18="","Site type missing",IF($H18="","STATUS missing",IF($H18="Proposed","STATUS = Proposed",IF($H18="Not Reported","STATUS = Not Reported",IF(AND($P18="Y",$Q18<>"Y"),"UNESCO-MAB Biosphere Reserve",IF(AND($K18="Point",N($L18)<=0),"Point without REP_AREA",IF(AND(N($L18)<=0,N($N18)<=0,N($R18)+N($S18)<=0),"No area information","")))))))) | AB18: =IF(AND($A18="",$B18=""),"",IF($K18="Point",N($L18),IF(N($N18)>0,N($N18),N($L18)))) | AC18: =IF(AND($A18="",$B18=""),"",MIN(AB18,IF(N($J18)=0,0,IF(N($J18)=2,AB18,IF(AND($K18<>"Point",N($O18)>0),N($O18),N($M18)))))) | AD18: =IF(AND($A18="",$B18=""),"",MAX(0,AB18-AC18)) | AE18: =IF(AND($A18="",$B18=""),"",IF(OR($R18<>"",$S18<>""),1,0)) | AF18: =IF(AND($A18="",$B18=""),"",IF(Z18=1,IF(AE18=1,N($R18),AD18),0)) | AG18: =IF(AND($A18="",$B18=""),"",IF(Z18=1,IF(AE18=1,N($S18),AC18),0)) | AH18: =IF(AND($A18="",$B18=""),"",IF(AND(ISNUMBER($I18),N($I18)>0),$I18,0)) | AI18: =IF(AND(NOT(AND($A18="",$B18="")),$K18="Point",N($L18)>0),SQRT(N($L18)/PI()),"") | AJ18: =IF(AND($A18="",$B18=""),"",IFERROR(VLOOKUP($G18,Lists!$D$4:$E$15,2,FALSE),"Not reported")) | AK18: =IF(AND($A18="",$B18=""),"",IF($X18<>"",$X18,IF($T18<>"Y","Not assessed",IF(AND(ISNUMBER($V18),Setup!$B$6-$V18>Setup!$B$26),"Assessment outdated",IF(NOT(ISNUMBER($W18)),"Assessed – no score",IF($W18>=Setup!$B$24,"High",IF($W18>=Setup!$B$25,"Moderate","Low"))))))) | AL18: =IF(AND($A18="",$B18=""),"",IF(Z18=0,"",IF(AND(AE18=1,N($R18)>AD18*1.01+0.001),"Net terrestrial > gross; ","")&IF(AND(AE18=1,N($S18)>AC18*1.01+0.001),"Net marine > gross; ","")&IF(AE18=0,"No net area – gross used, overlaps may be double-counted; ","")&IF(AH18=0,"STATUS_YR missing – imputed in time series; ","")&IF(AND(ISNUMBER($I18),N($I18)>Setup!$B$6),"STATUS_YR after reporting year; ","")&IF(OR($G18="",$G18="Not Reported"),"GOV_TYPE not reported; ","")&IF(AND(N($J18)=1,$K18="Point",N($M18)<=0),"Coastal point without REP_M_AREA – land/sea split unknown; ","")&IF(AND(N($J18)=0,N($S18)>0),"MARINE=0 but net marine >0; ","")&IF(AND(N($J18)=2,N($R18)>0),"MARINE=2 but net terrestrial >0; ","")&IF($K18="Point","Buffered point – coverage approximate; ","")))
A19: 198304 | B19: Réserve Naturelle du Lac des Oiseaux | C19: Wetland of International Importance (Ramsar Site) | D19: International | E19: PA | F19: Not Reported | G19: Federal or national ministry or agency | H19: Designated | I19: 1999 | J19: 0 | K19: Polygon | L19: 1.2 | M19: 0 | N19: 0.815 | O19: 0 | P19: N | R19: 0.817 | S19: 0 | T19: N | Z19: =IF(AND($A19="",$B19=""),"",IF(OR($E19="",$H19="",$H19="Proposed",$H19="Not Reported"),0,IF(AND($P19="Y",$Q19<>"Y"),0,IF(AND($K19="Point",N($L19)<=0),0,IF(AND(N($L19)<=0,N($N19)<=0,N($R19)+N($S19)<=0),0,1))))) | AA19: =IF(AND($A19="",$B19=""),"",IF($E19="","Site type missing",IF($H19="","STATUS missing",IF($H19="Proposed","STATUS = Proposed",IF($H19="Not Reported","STATUS = Not Reported",IF(AND($P19="Y",$Q19<>"Y"),"UNESCO-MAB Biosphere Reserve",IF(AND($K19="Point",N($L19)<=0),"Point without REP_AREA",IF(AND(N($L19)<=0,N($N19)<=0,N($R19)+N($S19)<=0),"No area information","")))))))) | AB19: =IF(AND($A19="",$B19=""),"",IF($K19="Point",N($L19),IF(N($N19)>0,N($N19),N($L19)))) | AC19: =IF(AND($A19="",$B19=""),"",MIN(AB19,IF(N($J19)=0,0,IF(N($J19)=2,AB19,IF(AND($K19<>"Point",N($O19)>0),N($O19),N($M19)))))) | AD19: =IF(AND($A19="",$B19=""),"",MAX(0,AB19-AC19)) | AE19: =IF(AND($A19="",$B19=""),"",IF(OR($R19<>"",$S19<>""),1,0)) | AF19: =IF(AND($A19="",$B19=""),"",IF(Z19=1,IF(AE19=1,N($R19),AD19),0)) | AG19: =IF(AND($A19="",$B19=""),"",IF(Z19=1,IF(AE19=1,N($S19),AC19),0)) | AH19: =IF(AND($A19="",$B19=""),"",IF(AND(ISNUMBER($I19),N($I19)>0),$I19,0)) | AI19: =IF(AND(NOT(AND($A19="",$B19="")),$K19="Point",N($L19)>0),SQRT(N($L19)/PI()),"") | AJ19: =IF(AND($A19="",$B19=""),"",IFERROR(VLOOKUP($G19,Lists!$D$4:$E$15,2,FALSE),"Not reported")) | AK19: =IF(AND($A19="",$B19=""),"",IF($X19<>"",$X19,IF($T19<>"Y","Not assessed",IF(AND(ISNUMBER($V19),Setup!$B$6-$V19>Setup!$B$26),"Assessment outdated",IF(NOT(ISNUMBER($W19)),"Assessed – no score",IF($W19>=Setup!$B$24,"High",IF($W19>=Setup!$B$25,"Moderate","Low"))))))) | AL19: =IF(AND($A19="",$B19=""),"",IF(Z19=0,"",IF(AND(AE19=1,N($R19)>AD19*1.01+0.001),"Net terrestrial > gross; ","")&IF(AND(AE19=1,N($S19)>AC19*1.01+0.001),"Net marine > gross; ","")&IF(AE19=0,"No net area – gross used, overlaps may be double-counted; ","")&IF(AH19=0,"STATUS_YR missing – imputed in time series; ","")&IF(AND(ISNUMBER($I19),N($I19)>Setup!$B$6),"STATUS_YR after reporting year; ","")&IF(OR($G19="",$G19="Not Reported"),"GOV_TYPE not reported; ","")&IF(AND(N($J19)=1,$K19="Point",N($M19)<=0),"Coastal point without REP_M_AREA – land/sea split unknown; ","")&IF(AND(N($J19)=0,N($S19)>0),"MARINE=0 but net marine >0; ","")&IF(AND(N($J19)=2,N($R19)>0),"MARINE=2 but net terrestrial >0; ","")&IF($K19="Point","Buffered point – coverage approximate; ","")))
A20: 555599910 | B20: Banc Des Kabyles Marine Reserve | C20: Specially Protected Areas of Mediterranean Importance (Barcelona Convention) | D20: Regional | E20: PA | F20: Not Assigned | G20: Federal or national ministry or agency | H20: Adopted | I20: 2001 | J20: 2 | K20: Polygon | L20: 6 | M20: 4.01 | N20: 4.005 | O20: 4.005 | P20: N | R20: 0 | S20: 4.013 | T20: N | Z20: =IF(AND($A20="",$B20=""),"",IF(OR($E20="",$H20="",$H20="Proposed",$H20="Not Reported"),0,IF(AND($P20="Y",$Q20<>"Y"),0,IF(AND($K20="Point",N($L20)<=0),0,IF(AND(N($L20)<=0,N($N20)<=0,N($R20)+N($S20)<=0),0,1))))) | AA20: =IF(AND($A20="",$B20=""),"",IF($E20="","Site type missing",IF($H20="","STATUS missing",IF($H20="Proposed","STATUS = Proposed",IF($H20="Not Reported","STATUS = Not Reported",IF(AND($P20="Y",$Q20<>"Y"),"UNESCO-MAB Biosphere Reserve",IF(AND($K20="Point",N($L20)<=0),"Point without REP_AREA",IF(AND(N($L20)<=0,N($N20)<=0,N($R20)+N($S20)<=0),"No area information","")))))))) | AB20: =IF(AND($A20="",$B20=""),"",IF($K20="Point",N($L20),IF(N($N20)>0,N($N20),N($L20)))) | AC20: =IF(AND($A20="",$B20=""),"",MIN(AB20,IF(N($J20)=0,0,IF(N($J20)=2,AB20,IF(AND($K20<>"Point",N($O20)>0),N($O20),N($M20)))))) | AD20: =IF(AND($A20="",$B20=""),"",MAX(0,AB20-AC20)) | AE20: =IF(AND($A20="",$B20=""),"",IF(OR($R20<>"",$S20<>""),1,0)) | AF20: =IF(AND($A20="",$B20=""),"",IF(Z20=1,IF(AE20=1,N($R20),AD20),0)) | AG20: =IF(AND($A20="",$B20=""),"",IF(Z20=1,IF(AE20=1,N($S20),AC20),0)) | AH20: =IF(AND($A20="",$B20=""),"",IF(AND(ISNUMBER($I20),N($I20)>0),$I20,0)) | AI20: =IF(AND(NOT(AND($A20="",$B20="")),$K20="Point",N($L20)>0),SQRT(N($L20)/PI()),"") | AJ20: =IF(AND($A20="",$B20=""),"",IFERROR(VLOOKUP($G20,Lists!$D$4:$E$15,2,FALSE),"Not reported")) | AK20: =IF(AND($A20="",$B20=""),"",IF($X20<>"",$X20,IF($T20<>"Y","Not assessed",IF(AND(ISNUMBER($V20),Setup!$B$6-$V20>Setup!$B$26),"Assessment outdated",IF(NOT(ISNUMBER($W20)),"Assessed – no score",IF($W20>=Setup!$B$24,"High",IF($W20>=Setup!$B$25,"Moderate","Low"))))))) | AL20: =IF(AND($A20="",$B20=""),"",IF(Z20=0,"",IF(AND(AE20=1,N($R20)>AD20*1.01+0.001),"Net terrestrial > gross; ","")&IF(AND(AE20=1,N($S20)>AC20*1.01+0.001),"Net marine > gross; ","")&IF(AE20=0,"No net area – gross used, overlaps may be double-counted; ","")&IF(AH20=0,"STATUS_YR missing – imputed in time series; ","")&IF(AND(ISNUMBER($I20),N($I20)>Setup!$B$6),"STATUS_YR after reporting year; ","")&IF(OR($G20="",$G20="Not Reported"),"GOV_TYPE not reported; ","")&IF(AND(N($J20)=1,$K20="Point",N($M20)<=0),"Coastal point without REP_M_AREA – land/sea split unknown; ","")&IF(AND(N($J20)=0,N($S20)>0),"MARINE=0 but net marine >0; ","")&IF(AND(N($J20)=2,N($R20)>0),"MARINE=2 but net terrestrial >0; ","")&IF($K20="Point","Buffered point – coverage approximate; ","")))
A21: 900571 | B21: Vallée d'Iherir | C21: Wetland of International Importance (Ramsar Site) | D21: International | E21: PA | F21: Not Reported | G21: Federal or national ministry or agency | H21: Designated | I21: 2001 | J21: 0 | K21: Polygon | L21: 578.9186 | M21: 0 | N21: 578.92 | O21: 0 | P21: N | R21: 0 | S21: 0 | T21: N | Y21: Overlap attributed to earlier site | Z21: =IF(AND($A21="",$B21=""),"",IF(OR($E21="",$H21="",$H21="Proposed",$H21="Not Reported"),0,IF(AND($P21="Y",$Q21<>"Y"),0,IF(AND($K21="Point",N($L21)<=0),0,IF(AND(N($L21)<=0,N($N21)<=0,N($R21)+N($S21)<=0),0,1))))) | AA21: =IF(AND($A21="",$B21=""),"",IF($E21="","Site type missing",IF($H21="","STATUS missing",IF($H21="Proposed","STATUS = Proposed",IF($H21="Not Reported","STATUS = Not Reported",IF(AND($P21="Y",$Q21<>"Y"),"UNESCO-MAB Biosphere Reserve",IF(AND($K21="Point",N($L21)<=0),"Point without REP_AREA",IF(AND(N($L21)<=0,N($N21)<=0,N($R21)+N($S21)<=0),"No area information","")))))))) | AB21: =IF(AND($A21="",$B21=""),"",IF($K21="Point",N($L21),IF(N($N21)>0,N($N21),N($L21)))) | AC21: =IF(AND($A21="",$B21=""),"",MIN(AB21,IF(N($J21)=0,0,IF(N($J21)=2,AB21,IF(AND($K21<>"Point",N($O21)>0),N($O21),N($M21)))))) | AD21: =IF(AND($A21="",$B21=""),"",MAX(0,AB21-AC21)) | AE21: =IF(AND($A21="",$B21=""),"",IF(OR($R21<>"",$S21<>""),1,0)) | AF21: =IF(AND($A21="",$B21=""),"",IF(Z21=1,IF(AE21=1,N($R21),AD21),0)) | AG21: =IF(AND($A21="",$B21=""),"",IF(Z21=1,IF(AE21=1,N($S21),AC21),0)) | AH21: =IF(AND($A21="",$B21=""),"",IF(AND(ISNUMBER($I21),N($I21)>0),$I21,0)) | AI21: =IF(AND(NOT(AND($A21="",$B21="")),$K21="Point",N($L21)>0),SQRT(N($L21)/PI()),"") | AJ21: =IF(AND($A21="",$B21=""),"",IFERROR(VLOOKUP($G21,Lists!$D$4:$E$15,2,FALSE),"Not reported")) | AK21: =IF(AND($A21="",$B21=""),"",IF($X21<>"",$X21,IF($T21<>"Y","Not assessed",IF(AND(ISNUMBER($V21),Setup!$B$6-$V21>Setup!$B$26),"Assessment outdated",IF(NOT(ISNUMBER($W21)),"Assessed – no score",IF($W21>=Setup!$B$24,"High",IF($W21>=Setup!$B$25,"Moderate","Low"))))))) | AL21: =IF(AND($A21="",$B21=""),"",IF(Z21=0,"",IF(AND(AE21=1,N($R21)>AD21*1.01+0.001),"Net terrestrial > gross; ","")&IF(AND(AE21=1,N($S21)>AC21*1.01+0.001),"Net marine > gross; ","")&IF(AE21=0,"No net area – gross used, overlaps may be double-counted; ","")&IF(AH21=0,"STATUS_YR missing – imputed in time series; ","")&IF(AND(ISNUMBER($I21),N($I21)>Setup!$B$6),"STATUS_YR after reporting year; ","")&IF(OR($G21="",$G21="Not Reported"),"GOV_TYPE not reported; ","")&IF(AND(N($J21)=1,$K21="Point",N($M21)<=0),"Coastal point without REP_M_AREA – land/sea split unknown; ","")&IF(AND(N($J21)=0,N($S21)>0),"MARINE=0 but net marine >0; ","")&IF(AND(N($J21)=2,N($R21)>0),"MARINE=2 but net terrestrial >0; ","")&IF($K21="Point","Buffered point – coverage approximate; ","")))
A22: 900572 | B22: Oasis d'Ouled Saïd | C22: Wetland of International Importance (Ramsar Site) | D22: International | E22: PA | F22: Not Reported | G22: Federal or national ministry or agency | H22: Designated | I22: 2001 | J22: 0 | K22: Polygon | L22: 254 | M22: 0 | N22: 654.393 | O22: 0 | P22: N | R22: 656.68 | S22: 0 | T22: N | Z22: =IF(AND($A22="",$B22=""),"",IF(OR($E22="",$H22="",$H22="Proposed",$H22="Not Reported"),0,IF(AND($P22="Y",$Q22<>"Y"),0,IF(AND($K22="Point",N($L22)<=0),0,IF(AND(N($L22)<=0,N($N22)<=0,N($R22)+N($S22)<=0),0,1))))) | AA22: =IF(AND($A22="",$B22=""),"",IF($E22="","Site type missing",IF($H22="","STATUS missing",IF($H22="Proposed","STATUS = Proposed",IF($H22="Not Reported","STATUS = Not Reported",IF(AND($P22="Y",$Q22<>"Y"),"UNESCO-MAB Biosphere Reserve",IF(AND($K22="Point",N($L22)<=0),"Point without REP_AREA",IF(AND(N($L22)<=0,N($N22)<=0,N($R22)+N($S22)<=0),"No area information","")))))))) | AB22: =IF(AND($A22="",$B22=""),"",IF($K22="Point",N($L22),IF(N($N22)>0,N($N22),N($L22)))) | AC22: =IF(AND($A22="",$B22=""),"",MIN(AB22,IF(N($J22)=0,0,IF(N($J22)=2,AB22,IF(AND($K22<>"Point",N($O22)>0),N($O22),N($M22)))))) | AD22: =IF(AND($A22="",$B22=""),"",MAX(0,AB22-AC22)) | AE22: =IF(AND($A22="",$B22=""),"",IF(OR($R22<>"",$S22<>""),1,0)) | AF22: =IF(AND($A22="",$B22=""),"",IF(Z22=1,IF(AE22=1,N($R22),AD22),0)) | AG22: =IF(AND($A22="",$B22=""),"",IF(Z22=1,IF(AE22=1,N($S22),AC22),0)) | AH22: =IF(AND($A22="",$B22=""),"",IF(AND(ISNUMBER($I22),N($I22)>0),$I22,0)) | AI22: =IF(AND(NOT(AND($A22="",$B22="")),$K22="Point",N($L22)>0),SQRT(N($L22)/PI()),"") | AJ22: =IF(AND($A22="",$B22=""),"",IFERROR(VLOOKUP($G22,Lists!$D$4:$E$15,2,FALSE),"Not reported")) | AK22: =IF(AND($A22="",$B22=""),"",IF($X22<>"",$X22,IF($T22<>"Y","Not assessed",IF(AND(ISNUMBER($V22),Setup!$B$6-$V22>Setup!$B$26),"Assessment outdated",IF(NOT(ISNUMBER($W22)),"Assessed – no score",IF($W22>=Setup!$B$24,"High",IF($W22>=Setup!$B$25,"Moderate","Low"))))))) | AL22: =IF(AND($A22="",$B22=""),"",IF(Z22=0,"",IF(AND(AE22=1,N($R22)>AD22*1.01+0.001),"Net terrestrial > gross; ","")&IF(AND(AE22=1,N($S22)>AC22*1.01+0.001),"Net marine > gross; ","")&IF(AE22=0,"No net area – gross used, overlaps may be double-counted; ","")&IF(AH22=0,"STATUS_YR missing – imputed in time series; ","")&IF(AND(ISNUMBER($I22),N($I22)>Setup!$B$6),"STATUS_YR after reporting year; ","")&IF(OR($G22="",$G22="Not Reported"),"GOV_TYPE not reported; ","")&IF(AND(N($J22)=1,$K22="Point",N($M22)<=0),"Coastal point without REP_M_AREA – land/sea split unknown; ","")&IF(AND(N($J22)=0,N($S22)>0),"MARINE=0 but net marine >0; ","")&IF(AND(N($J22)=2,N($R22)>0),"MARINE=2 but net terrestrial >0; ","")&IF($K22="Point","Buffered point – coverage approximate; ","")))
A23: 900573 | B23: Gueltates d'Issakarassène | C23: Wetland of International Importance (Ramsar Site) | D23: International | E23: PA | F23: Not Reported | G23: Federal or national ministry or agency | H23: Designated | I23: 2001 | J23: 0 | K23: Polygon | L23: 351 | M23: 0 | N23: 340.999 | O23: 0 | P23: N | R23: 342.573 | S23: 0 | T23: N | Z23: =IF(AND($A23="",$B23=""),"",IF(OR($E23="",$H23="",$H23="Proposed",$H23="Not Reported"),0,IF(AND($P23="Y",$Q23<>"Y"),0,IF(AND($K23="Point",N($L23)<=0),0,IF(AND(N($L23)<=0,N($N23)<=0,N($R23)+N($S23)<=0),0,1))))) | AA23: =IF(AND($A23="",$B23=""),"",IF($E23="","Site type missing",IF($H23="","STATUS missing",IF($H23="Proposed","STATUS = Proposed",IF($H23="Not Reported","STATUS = Not Reported",IF(AND($P23="Y",$Q23<>"Y"),"UNESCO-MAB Biosphere Reserve",IF(AND($K23="Point",N($L23)<=0),"Point without REP_AREA",IF(AND(N($L23)<=0,N($N23)<=0,N($R23)+N($S23)<=0),"No area information","")))))))) | AB23: =IF(AND($A23="",$B23=""),"",IF($K23="Point",N($L23),IF(N($N23)>0,N($N23),N($L23)))) | AC23: =IF(AND($A23="",$B23=""),"",MIN(AB23,IF(N($J23)=0,0,IF(N($J23)=2,AB23,IF(AND($K23<>"Point",N($O23)>0),N($O23),N($M23)))))) | AD23: =IF(AND($A23="",$B23=""),"",MAX(0,AB23-AC23)) | AE23: =IF(AND($A23="",$B23=""),"",IF(OR($R23<>"",$S23<>""),1,0)) | AF23: =IF(AND($A23="",$B23=""),"",IF(Z23=1,IF(AE23=1,N($R23),AD23),0)) | AG23: =IF(AND($A23="",$B23=""),"",IF(Z23=1,IF(AE23=1,N($S23),AC23),0)) | AH23: =IF(AND($A23="",$B23=""),"",IF(AND(ISNUMBER($I23),N($I23)>0),$I23,0)) | AI23: =IF(AND(NOT(AND($A23="",$B23="")),$K23="Point",N($L23)>0),SQRT(N($L23)/PI()),"") | AJ23: =IF(AND($A23="",$B23=""),"",IFERROR(VLOOKUP($G23,Lists!$D$4:$E$15,2,FALSE),"Not reported")) | AK23: =IF(AND($A23="",$B23=""),"",IF($X23<>"",$X23,IF($T23<>"Y","Not assessed",IF(AND(ISNUMBER($V23),Setup!$B$6-$V23>Setup!$B$26),"Assessment outdated",IF(NOT(ISNUMBER($W23)),"Assessed – no score",IF($W23>=Setup!$B$24,"High",IF($W23>=Setup!$B$25,"Moderate","Low"))))))) | AL23: =IF(AND($A23="",$B23=""),"",IF(Z23=0,"",IF(AND(AE23=1,N($R23)>AD23*1.01+0.001),"Net terrestrial > gross; ","")&IF(AND(AE23=1,N($S23)>AC23*1.01+0.001),"Net marine > gross; ","")&IF(AE23=0,"No net area – gross used, overlaps may be double-counted; ","")&IF(AH23=0,"STATUS_YR missing – imputed in time series; ","")&IF(AND(ISNUMBER($I23),N($I23)>Setup!$B$6),"STATUS_YR after reporting year; ","")&IF(OR($G23="",$G23="Not Reported"),"GOV_TYPE not reported; ","")&IF(AND(N($J23)=1,$K23="Point",N($M23)<=0),"Coastal point without REP_M_AREA – land/sea split unknown; ","")&IF(AND(N($J23)=0,N($S23)>0),"MARINE=0 but net marine >0; ","")&IF(AND(N($J23)=2,N($R23)>0),"MARINE=2 but net terrestrial >0; ","")&IF($K23="Point","Buffered point – coverage approximate; ","")))
A24: 900574 | B24: Complexe de zones humides de la plaine de Guerbès-Sanhadja | C24: Wetland of International Importance (Ramsar Site) | D24: International | E24: PA | F24: Not Reported | G24: Federal or national ministry or agency | H24: Designated | I24: 2001 | J24: 0 | K24: Polygon | L24: 421 | M24: 0 | N24: 308.65 | O24: 0.058 | P24: N | R24: 309.232 | S24: 0.001 | T24: N | Z24: =IF(AND($A24="",$B24=""),"",IF(OR($E24="",$H24="",$H24="Proposed",$H24="Not Reported"),0,IF(AND($P24="Y",$Q24<>"Y"),0,IF(AND($K24="Point",N($L24)<=0),0,IF(AND(N($L24)<=0,N($N24)<=0,N($R24)+N($S24)<=0),0,1))))) | AA24: =IF(AND($A24="",$B24=""),"",IF($E24="","Site type missing",IF($H24="","STATUS missing",IF($H24="Proposed","STATUS = Proposed",IF($H24="Not Reported","STATUS = Not Reported",IF(AND($P24="Y",$Q24<>"Y"),"UNESCO-MAB Biosphere Reserve",IF(AND($K24="Point",N($L24)<=0),"Point without REP_AREA",IF(AND(N($L24)<=0,N($N24)<=0,N($R24)+N($S24)<=0),"No area information","")))))))) | AB24: =IF(AND($A24="",$B24=""),"",IF($K24="Point",N($L24),IF(N($N24)>0,N($N24),N($L24)))) | AC24: =IF(AND($A24="",$B24=""),"",MIN(AB24,IF(N($J24)=0,0,IF(N($J24)=2,AB24,IF(AND($K24<>"Point",N($O24)>0),N($O24),N($M24)))))) | AD24: =IF(AND($A24="",$B24=""),"",MAX(0,AB24-AC24)) | AE24: =IF(AND($A24="",$B24=""),"",IF(OR($R24<>"",$S24<>""),1,0)) | AF24: =IF(AND($A24="",$B24=""),"",IF(Z24=1,IF(AE24=1,N($R24),AD24),0)) | AG24: =IF(AND($A24="",$B24=""),"",IF(Z24=1,IF(AE24=1,N($S24),AC24),0)) | AH24: =IF(AND($A24="",$B24=""),"",IF(AND(ISNUMBER($I24),N($I24)>0),$I24,0)) | AI24: =IF(AND(NOT(AND($A24="",$B24="")),$K24="Point",N($L24)>0),SQRT(N($L24)/PI()),"") | AJ24: =IF(AND($A24="",$B24=""),"",IFERROR(VLOOKUP($G24,Lists!$D$4:$E$15,2,FALSE),"Not reported")) | AK24: =IF(AND($A24="",$B24=""),"",IF($X24<>"",$X24,IF($T24<>"Y","Not assessed",IF(AND(ISNUMBER($V24),Setup!$B$6-$V24>Setup!$B$26),"Assessment outdated",IF(NOT(ISNUMBER($W24)),"Assessed – no score",IF($W24>=Setup!$B$24,"High",IF($W24>=Setup!$B$25,"Moderate","Low"))))))) | AL24: =IF(AND($A24="",$B24=""),"",IF(Z24=0,"",IF(AND(AE24=1,N($R24)>AD24*1.01+0.001),"Net terrestrial > gross; ","")&IF(AND(AE24=1,N($S24)>AC24*1.01+0.001),"Net marine > gross; ","")&IF(AE24=0,"No net area – gross used, overlaps may be double-counted; ","")&IF(AH24=0,"STATUS_YR missing – imputed in time series; ","")&IF(AND(ISNUMBER($I24),N($I24)>Setup!$B$6),"STATUS_YR after reporting year; ","")&IF(OR($G24="",$G24="Not Reported"),"GOV_TYPE not reported; ","")&IF(AND(N($J24)=1,$K24="Point",N($M24)<=0),"Coastal point without REP_M_AREA – land/sea split unknown; ","")&IF(AND(N($J24)=0,N($S24)>0),"MARINE=0 but net marine >0; ","")&IF(AND(N($J24)=2,N($R24)>0),"MARINE=2 but net terrestrial >0; ","")&IF($K24="Point","Buffered point – coverage approximate; ","")))
A25: 900575 | B25: Marais de la Macta | C25: Wetland of International Importance (Ramsar Site) | D25: International | E25: PA | F25: Not Reported | G25: Federal or national ministry or agency | H25: Designated | I25: 2001 | J25: 0 | K25: Polygon | L25: 445 | M25: 0 | N25: 440.789 | O25: 0 | P25: N | R25: 441.739 | S25: 0 | T25: N | Z25: =IF(AND($A25="",$B25=""),"",IF(OR($E25="",$H25="",$H25="Proposed",$H25="Not Reported"),0,IF(AND($P25="Y",$Q25<>"Y"),0,IF(AND($K25="Point",N($L25)<=0),0,IF(AND(N($L25)<=0,N($N25)<=0,N($R25)+N($S25)<=0),0,1))))) | AA25: =IF(AND($A25="",$B25=""),"",IF($E25="","Site type missing",IF($H25="","STATUS missing",IF($H25="Proposed","STATUS = Proposed",IF($H25="Not Reported","STATUS = Not Reported",IF(AND($P25="Y",$Q25<>"Y"),"UNESCO-MAB Biosphere Reserve",IF(AND($K25="Point",N($L25)<=0),"Point without REP_AREA",IF(AND(N($L25)<=0,N($N25)<=0,N($R25)+N($S25)<=0),"No area information","")))))))) | AB25: =IF(AND($A25="",$B25=""),"",IF($K25="Point",N($L25),IF(N($N25)>0,N($N25),N($L25)))) | AC25: =IF(AND($A25="",$B25=""),"",MIN(AB25,IF(N($J25)=0,0,IF(N($J25)=2,AB25,IF(AND($K25<>"Point",N($O25)>0),N($O25),N($M25)))))) | AD25: =IF(AND($A25="",$B25=""),"",MAX(0,AB25-AC25)) | AE25: =IF(AND($A25="",$B25=""),"",IF(OR($R25<>"",$S25<>""),1,0)) | AF25: =IF(AND($A25="",$B25=""),"",IF(Z25=1,IF(AE25=1,N($R25),AD25),0)) | AG25: =IF(AND($A25="",$B25=""),"",IF(Z25=1,IF(AE25=1,N($S25),AC25),0)) | AH25: =IF(AND($A25="",$B25=""),"",IF(AND(ISNUMBER($I25),N($I25)>0),$I25,0)) | AI25: =IF(AND(NOT(AND($A25="",$B25="")),$K25="Point",N($L25)>0),SQRT(N($L25)/PI()),"") | AJ25: =IF(AND($A25="",$B25=""),"",IFERROR(VLOOKUP($G25,Lists!$D$4:$E$15,2,FALSE),"Not reported")) | AK25: =IF(AND($A25="",$B25=""),"",IF($X25<>"",$X25,IF($T25<>"Y","Not assessed",IF(AND(ISNUMBER($V25),Setup!$B$6-$V25>Setup!$B$26),"Assessment outdated",IF(NOT(ISNUMBER($W25)),"Assessed – no score",IF($W25>=Setup!$B$24,"High",IF($W25>=Setup!$B$25,"Moderate","Low"))))))) | AL25: =IF(AND($A25="",$B25=""),"",IF(Z25=0,"",IF(AND(AE25=1,N($R25)>AD25*1.01+0.001),"Net terrestrial > gross; ","")&IF(AND(AE25=1,N($S25)>AC25*1.01+0.001),"Net marine > gross; ","")&IF(AE25=0,"No net area – gross used, overlaps may be double-counted; ","")&IF(AH25=0,"STATUS_YR missing – imputed in time series; ","")&IF(AND(ISNUMBER($I25),N($I25)>Setup!$B$6),"STATUS_YR after reporting year; ","")&IF(OR($G25="",$G25="Not Reported"),"GOV_TYPE not reported; ","")&IF(AND(N($J25)=1,$K25="Point",N($M25)<=0),"Coastal point without REP_M_AREA – land/sea split unknown; ","")&IF(AND(N($J25)=0,N($S25)>0),"MARINE=0 but net marine >0; ","")&IF(AND(N($J25)=2,N($R25)>0),"MARINE=2 but net terrestrial >0; ","")&IF($K25="Point","Buffered point – coverage approximate; ","")))
A26: 900576 | B26: Grande Sebkha d'Oran | C26: Wetland of International Importance (Ramsar Site) | D26: International | E26: PA | F26: Not Reported | G26: Federal or national ministry or agency | H26: Designated | I26: 2001 | J26: 0 | K26: Polygon | L26: 568.7 | M26: 0 | N26: 595.617 | O26: 0 | P26: N | R26: 596.926 | S26: 0 | T26: N | Z26: =IF(AND($A26="",$B26=""),"",IF(OR($E26="",$H26="",$H26="Proposed",$H26="Not Reported"),0,IF(AND($P26="Y",$Q26<>"Y"),0,IF(AND($K26="Point",N($L26)<=0),0,IF(AND(N($L26)<=0,N($N26)<=0,N($R26)+N($S26)<=0),0,1))))) | AA26: =IF(AND($A26="",$B26=""),"",IF($E26="","Site type missing",IF($H26="","STATUS missing",IF($H26="Proposed","STATUS = Proposed",IF($H26="Not Reported","STATUS = Not Reported",IF(AND($P26="Y",$Q26<>"Y"),"UNESCO-MAB Biosphere Reserve",IF(AND($K26="Point",N($L26)<=0),"Point without REP_AREA",IF(AND(N($L26)<=0,N($N26)<=0,N($R26)+N($S26)<=0),"No area information","")))))))) | AB26: =IF(AND($A26="",$B26=""),"",IF($K26="Point",N($L26),IF(N($N26)>0,N($N26),N($L26)))) | AC26: =IF(AND($A26="",$B26=""),"",MIN(AB26,IF(N($J26)=0,0,IF(N($J26)=2,AB26,IF(AND($K26<>"Point",N($O26)>0),N($O26),N($M26)))))) | AD26: =IF(AND($A26="",$B26=""),"",MAX(0,AB26-AC26)) | AE26: =IF(AND($A26="",$B26=""),"",IF(OR($R26<>"",$S26<>""),1,0)) | AF26: =IF(AND($A26="",$B26=""),"",IF(Z26=1,IF(AE26=1,N($R26),AD26),0)) | AG26: =IF(AND($A26="",$B26=""),"",IF(Z26=1,IF(AE26=1,N($S26),AC26),0)) | AH26: =IF(AND($A26="",$B26=""),"",IF(AND(ISNUMBER($I26),N($I26)>0),$I26,0)) | AI26: =IF(AND(NOT(AND($A26="",$B26="")),$K26="Point",N($L26)>0),SQRT(N($L26)/PI()),"") | AJ26: =IF(AND($A26="",$B26=""),"",IFERROR(VLOOKUP($G26,Lists!$D$4:$E$15,2,FALSE),"Not reported")) | AK26: =IF(AND($A26="",$B26=""),"",IF($X26<>"",$X26,IF($T26<>"Y","Not assessed",IF(AND(ISNUMBER($V26),Setup!$B$6-$V26>Setup!$B$26),"Assessment outdated",IF(NOT(ISNUMBER($W26)),"Assessed – no score",IF($W26>=Setup!$B$24,"High",IF($W26>=Setup!$B$25,"Moderate","Low"))))))) | AL26: =IF(AND($A26="",$B26=""),"",IF(Z26=0,"",IF(AND(AE26=1,N($R26)>AD26*1.01+0.001),"Net terrestrial > gross; ","")&IF(AND(AE26=1,N($S26)>AC26*1.01+0.001),"Net marine > gross; ","")&IF(AE26=0,"No net area – gross used, overlaps may be double-counted; ","")&IF(AH26=0,"STATUS_YR missing – imputed in time series; ","")&IF(AND(ISNUMBER($I26),N($I26)>Setup!$B$6),"STATUS_YR after reporting year; ","")&IF(OR($G26="",$G26="Not Reported"),"GOV_TYPE not reported; ","")&IF(AND(N($J26)=1,$K26="Point",N($M26)<=0),"Coastal point without REP_M_AREA – land/sea split unknown; ","")&IF(AND(N($J26)=0,N($S26)>0),"MARINE=0 but net marine >0; ","")&IF(AND(N($J26)=2,N($R26)>0),"MARINE=2 but net terrestrial >0; ","")&IF($K26="Point","Buffered point – coverage approximate; ","")))
A27: 900577 | B27: Oasis de Tamantit et Sid Ahmed Timmi | C27: Wetland of International Importance (Ramsar Site) | D27: International | E27: PA | F27: Not Reported | G27: Federal or national ministry or agency | H27: Designated | I27: 2001 | J27: 0 | K27: Polygon | L27: 957 | M27: 0 | N27: 1017.82 | O27: 0 | P27: N | R27: 1021.708 | S27: 0 | T27: N | Z27: =IF(AND($A27="",$B27=""),"",IF(OR($E27="",$H27="",$H27="Proposed",$H27="Not Reported"),0,IF(AND($P27="Y",$Q27<>"Y"),0,IF(AND($K27="Point",N($L27)<=0),0,IF(AND(N($L27)<=0,N($N27)<=0,N($R27)+N($S27)<=0),0,1))))) | AA27: =IF(AND($A27="",$B27=""),"",IF($E27="","Site type missing",IF($H27="","STATUS missing",IF($H27="Proposed","STATUS = Proposed",IF($H27="Not Reported","STATUS = Not Reported",IF(AND($P27="Y",$Q27<>"Y"),"UNESCO-MAB Biosphere Reserve",IF(AND($K27="Point",N($L27)<=0),"Point without REP_AREA",IF(AND(N($L27)<=0,N($N27)<=0,N($R27)+N($S27)<=0),"No area information","")))))))) | AB27: =IF(AND($A27="",$B27=""),"",IF($K27="Point",N($L27),IF(N($N27)>0,N($N27),N($L27)))) | AC27: =IF(AND($A27="",$B27=""),"",MIN(AB27,IF(N($J27)=0,0,IF(N($J27)=2,AB27,IF(AND($K27<>"Point",N($O27)>0),N($O27),N($M27)))))) | AD27: =IF(AND($A27="",$B27=""),"",MAX(0,AB27-AC27)) | AE27: =IF(AND($A27="",$B27=""),"",IF(OR($R27<>"",$S27<>""),1,0)) | AF27: =IF(AND($A27="",$B27=""),"",IF(Z27=1,IF(AE27=1,N($R27),AD27),0)) | AG27: =IF(AND($A27="",$B27=""),"",IF(Z27=1,IF(AE27=1,N($S27),AC27),0)) | AH27: =IF(AND($A27="",$B27=""),"",IF(AND(ISNUMBER($I27),N($I27)>0),$I27,0)) | AI27: =IF(AND(NOT(AND($A27="",$B27="")),$K27="Point",N($L27)>0),SQRT(N($L27)/PI()),"") | AJ27: =IF(AND($A27="",$B27=""),"",IFERROR(VLOOKUP($G27,Lists!$D$4:$E$15,2,FALSE),"Not reported")) | AK27: =IF(AND($A27="",$B27=""),"",IF($X27<>"",$X27,IF($T27<>"Y","Not assessed",IF(AND(ISNUMBER($V27),Setup!$B$6-$V27>Setup!$B$26),"Assessment outdated",IF(NOT(ISNUMBER($W27)),"Assessed – no score",IF($W27>=Setup!$B$24,"High",IF($W27>=Setup!$B$25,"Moderate","Low"))))))) | AL27: =IF(AND($A27="",$B27=""),"",IF(Z27=0,"",IF(AND(AE27=1,N($R27)>AD27*1.01+0.001),"Net terrestrial > gross; ","")&IF(AND(AE27=1,N($S27)>AC27*1.01+0.001),"Net marine > gross; ","")&IF(AE27=0,"No net area – gross used, overlaps may be double-counted; ","")&IF(AH27=0,"STATUS_YR missing – imputed in time series; ","")&IF(AND(ISNUMBER($I27),N($I27)>Setup!$B$6),"STATUS_YR after reporting year; ","")&IF(OR($G27="",$G27="Not Reported"),"GOV_TYPE not reported; ","")&IF(AND(N($J27)=1,$K27="Point",N($M27)<=0),"Coastal point without REP_M_AREA – land/sea split unknown; ","")&IF(AND(N($J27)=0,N($S27)>0),"MARINE=0 but net marine >0; ","")&IF(AND(N($J27)=2,N($R27)>0),"MARINE=2 but net terrestrial >0; ","")&IF($K27="Point","Buffered point – coverage approximate; ","")))
A28: 900578 | B28: Chott Merouane et Oued Khrouf | C28: Wetland of International Importance (Ramsar Site) | D28: International | E28: PA | F28: Not Reported | G28: Federal or national ministry or agency | H28: Designated | I28: 2001 | J28: 0 | K28: Polygon | L28: 3377 | M28: 0 | N28: 3243.627 | O28: 0 | P28: N | R28: 3251.908 | S28: 0 | T28: N | Z28: =IF(AND($A28="",$B28=""),"",IF(OR($E28="",$H28="",$H28="Proposed",$H28="Not Reported"),0,IF(AND($P28="Y",$Q28<>"Y"),0,IF(AND($K28="Point",N($L28)<=0),0,IF(AND(N($L28)<=0,N($N28)<=0,N($R28)+N($S28)<=0),0,1))))) | AA28: =IF(AND($A28="",$B28=""),"",IF($E28="","Site type missing",IF($H28="","STATUS missing",IF($H28="Proposed","STATUS = Proposed",IF($H28="Not Reported","STATUS = Not Reported",IF(AND($P28="Y",$Q28<>"Y"),"UNESCO-MAB Biosphere Reserve",IF(AND($K28="Point",N($L28)<=0),"Point without REP_AREA",IF(AND(N($L28)<=0,N($N28)<=0,N($R28)+N($S28)<=0),"No area information","")))))))) | AB28: =IF(AND($A28="",$B28=""),"",IF($K28="Point",N($L28),IF(N($N28)>0,N($N28),N($L28)))) | AC28: =IF(AND($A28="",$B28=""),"",MIN(AB28,IF(N($J28)=0,0,IF(N($J28)=2,AB28,IF(AND($K28<>"Point",N($O28)>0),N($O28),N($M28)))))) | AD28: =IF(AND($A28="",$B28=""),"",MAX(0,AB28-AC28)) | AE28: =IF(AND($A28="",$B28=""),"",IF(OR($R28<>"",$S28<>""),1,0)) | AF28: =IF(AND($A28="",$B28=""),"",IF(Z28=1,IF(AE28=1,N($R28),AD28),0)) | AG28: =IF(AND($A28="",$B28=""),"",IF(Z28=1,IF(AE28=1,N($S28),AC28),0)) | AH28: =IF(AND($A28="",$B28=""),"",IF(AND(ISNUMBER($I28),N($I28)>0),$I28,0)) | AI28: =IF(AND(NOT(AND($A28="",$B28="")),$K28="Point",N($L28)>0),SQRT(N($L28)/PI()),"") | AJ28: =IF(AND($A28="",$B28=""),"",IFERROR(VLOOKUP($G28,Lists!$D$4:$E$15,2,FALSE),"Not reported")) | AK28: =IF(AND($A28="",$B28=""),"",IF($X28<>"",$X28,IF($T28<>"Y","Not assessed",IF(AND(ISNUMBER($V28),Setup!$B$6-$V28>Setup!$B$26),"Assessment outdated",IF(NOT(ISNUMBER($W28)),"Assessed – no score",IF($W28>=Setup!$B$24,"High",IF($W28>=Setup!$B$25,"Moderate","Low"))))))) | AL28: =IF(AND($A28="",$B28=""),"",IF(Z28=0,"",IF(AND(AE28=1,N($R28)>AD28*1.01+0.001),"Net terrestrial > gross; ","")&IF(AND(AE28=1,N($S28)>AC28*1.01+0.001),"Net marine > gross; ","")&IF(AE28=0,"No net area – gross used, overlaps may be double-counted; ","")&IF(AH28=0,"STATUS_YR missing – imputed in time series; ","")&IF(AND(ISNUMBER($I28),N($I28)>Setup!$B$6),"STATUS_YR after reporting year; ","")&IF(OR($G28="",$G28="Not Reported"),"GOV_TYPE not reported; ","")&IF(AND(N($J28)=1,$K28="Point",N($M28)<=0),"Coastal point without REP_M_AREA – land/sea split unknown; ","")&IF(AND(N($J28)=0,N($S28)>0),"MARINE=0 but net marine >0; ","")&IF(AND(N($J28)=2,N($R28)>0),"MARINE=2 but net terrestrial >0; ","")&IF($K28="Point","Buffered point – coverage approximate; ","")))
A29: 900579 | B29: Chott el Hodna | C29: Wetland of International Importance (Ramsar Site) | D29: International | E29: PA | F29: Not Reported | G29: Federal or national ministry or agency | H29: Designated | I29: 2001 | J29: 0 | K29: Polygon | L29: 3620 | M29: 0 | N29: 3598.817 | O29: 0 | P29: N | R29: 3606.785 | S29: 0 | T29: N | Z29: =IF(AND($A29="",$B29=""),"",IF(OR($E29="",$H29="",$H29="Proposed",$H29="Not Reported"),0,IF(AND($P29="Y",$Q29<>"Y"),0,IF(AND($K29="Point",N($L29)<=0),0,IF(AND(N($L29)<=0,N($N29)<=0,N($R29)+N($S29)<=0),0,1))))) | AA29: =IF(AND($A29="",$B29=""),"",IF($E29="","Site type missing",IF($H29="","STATUS missing",IF($H29="Proposed","STATUS = Proposed",IF($H29="Not Reported","STATUS = Not Reported",IF(AND($P29="Y",$Q29<>"Y"),"UNESCO-MAB Biosphere Reserve",IF(AND($K29="Point",N($L29)<=0),"Point without REP_AREA",IF(AND(N($L29)<=0,N($N29)<=0,N($R29)+N($S29)<=0),"No area information","")))))))) | AB29: =IF(AND($A29="",$B29=""),"",IF($K29="Point",N($L29),IF(N($N29)>0,N($N29),N($L29)))) | AC29: =IF(AND($A29="",$B29=""),"",MIN(AB29,IF(N($J29)=0,0,IF(N($J29)=2,AB29,IF(AND($K29<>"Point",N($O29)>0),N($O29),N($M29)))))) | AD29: =IF(AND($A29="",$B29=""),"",MAX(0,AB29-AC29)) | AE29: =IF(AND($A29="",$B29=""),"",IF(OR($R29<>"",$S29<>""),1,0)) | AF29: =IF(AND($A29="",$B29=""),"",IF(Z29=1,IF(AE29=1,N($R29),AD29),0)) | AG29: =IF(AND($A29="",$B29=""),"",IF(Z29=1,IF(AE29=1,N($S29),AC29),0)) | AH29: =IF(AND($A29="",$B29=""),"",IF(AND(ISNUMBER($I29),N($I29)>0),$I29,0)) | AI29: =IF(AND(NOT(AND($A29="",$B29="")),$K29="Point",N($L29)>0),SQRT(N($L29)/PI()),"") | AJ29: =IF(AND($A29="",$B29=""),"",IFERROR(VLOOKUP($G29,Lists!$D$4:$E$15,2,FALSE),"Not reported")) | AK29: =IF(AND($A29="",$B29=""),"",IF($X29<>"",$X29,IF($T29<>"Y","Not assessed",IF(AND(ISNUMBER($V29),Setup!$B$6-$V29>Setup!$B$26),"Assessment outdated",IF(NOT(ISNUMBER($W29)),"Assessed – no score",IF($W29>=Setup!$B$24,"High",IF($W29>=Setup!$B$25,"Moderate","Low"))))))) | AL29: =IF(AND($A29="",$B29=""),"",IF(Z29=0,"",IF(AND(AE29=1,N($R29)>AD29*1.01+0.001),"Net terrestrial > gross; ","")&IF(AND(AE29=1,N($S29)>AC29*1.01+0.001),"Net marine > gross; ","")&IF(AE29=0,"No net area – gross used, overlaps may be double-counted; ","")&IF(AH29=0,"STATUS_YR missing – imputed in time series; ","")&IF(AND(ISNUMBER($I29),N($I29)>Setup!$B$6),"STATUS_YR after reporting year; ","")&IF(OR($G29="",$G29="Not Reported"),"GOV_TYPE not reported; ","")&IF(AND(N($J29)=1,$K29="Point",N($M29)<=0),"Coastal point without REP_M_AREA – land/sea split unknown; ","")&IF(AND(N($J29)=0,N($S29)>0),"MARINE=0 but net marine >0; ","")&IF(AND(N($J29)=2,N($R29)>0),"MARINE=2 but net terrestrial >0; ","")&IF($K29="Point","Buffered point – coverage approximate; ","")))
A30: 900580 | B30: Chott ech Chergui | C30: Wetland of International Importance (Ramsar Site) | D30: International | E30: PA | F30: Not Reported | G30: Federal or national ministry or agency | H30: Designated | I30: 2001 | J30: 0 | K30: Polygon | L30: 8555 | M30: 0 | N30: 8470.589 | O30: 0 | P30: N | R30: 8491.541 | S30: 0 | T30: N | Z30: =IF(AND($A30="",$B30=""),"",IF(OR($E30="",$H30="",$H30="Proposed",$H30="Not Reported"),0,IF(AND($P30="Y",$Q30<>"Y"),0,IF(AND($K30="Point",N($L30)<=0),0,IF(AND(N($L30)<=0,N($N30)<=0,N($R30)+N($S30)<=0),0,1))))) | AA30: =IF(AND($A30="",$B30=""),"",IF($E30="","Site type missing",IF($H30="","STATUS missing",IF($H30="Proposed","STATUS = Proposed",IF($H30="Not Reported","STATUS = Not Reported",IF(AND($P30="Y",$Q30<>"Y"),"UNESCO-MAB Biosphere Reserve",IF(AND($K30="Point",N($L30)<=0),"Point without REP_AREA",IF(AND(N($L30)<=0,N($N30)<=0,N($R30)+N($S30)<=0),"No area information","")))))))) | AB30: =IF(AND($A30="",$B30=""),"",IF($K30="Point",N($L30),IF(N($N30)>0,N($N30),N($L30)))) | AC30: =IF(AND($A30="",$B30=""),"",MIN(AB30,IF(N($J30)=0,0,IF(N($J30)=2,AB30,IF(AND($K30<>"Point",N($O30)>0),N($O30),N($M30)))))) | AD30: =IF(AND($A30="",$B30=""),"",MAX(0,AB30-AC30)) | AE30: =IF(AND($A30="",$B30=""),"",IF(OR($R30<>"",$S30<>""),1,0)) | AF30: =IF(AND($A30="",$B30=""),"",IF(Z30=1,IF(AE30=1,N($R30),AD30),0)) | AG30: =IF(AND($A30="",$B30=""),"",IF(Z30=1,IF(AE30=1,N($S30),AC30),0)) | AH30: =IF(AND($A30="",$B30=""),"",IF(AND(ISNUMBER($I30),N($I30)>0),$I30,0)) | AI30: =IF(AND(NOT(AND($A30="",$B30="")),$K30="Point",N($L30)>0),SQRT(N($L30)/PI()),"") | AJ30: =IF(AND($A30="",$B30=""),"",IFERROR(VLOOKUP($G30,Lists!$D$4:$E$15,2,FALSE),"Not reported")) | AK30: =IF(AND($A30="",$B30=""),"",IF($X30<>"",$X30,IF($T30<>"Y","Not assessed",IF(AND(ISNUMBER($V30),Setup!$B$6-$V30>Setup!$B$26),"Assessment outdated",IF(NOT(ISNUMBER($W30)),"Assessed – no score",IF($W30>=Setup!$B$24,"High",IF($W30>=Setup!$B$25,"Moderate","Low"))))))) | AL30: =IF(AND($A30="",$B30=""),"",IF(Z30=0,"",IF(AND(AE30=1,N($R30)>AD30*1.01+0.001),"Net terrestrial > gross; ","")&IF(AND(AE30=1,N($S30)>AC30*1.01+0.001),"Net marine > gross; ","")&IF(AE30=0,"No net area – gross used, overlaps may be double-counted; ","")&IF(AH30=0,"STATUS_YR missing – imputed in time series; ","")&IF(AND(ISNUMBER($I30),N($I30)>Setup!$B$6),"STATUS_YR after reporting year; ","")&IF(OR($G30="",$G30="Not Reported"),"GOV_TYPE not reported; ","")&IF(AND(N($J30)=1,$K30="Point",N($M30)<=0),"Coastal point without REP_M_AREA – land/sea split unknown; ","")&IF(AND(N($J30)=0,N($S30)>0),"MARINE=0 but net marine >0; ","")&IF(AND(N($J30)=2,N($R30)>0),"MARINE=2 but net terrestrial >0; ","")&IF($K30="Point","Buffered point – coverage approximate; ","")))
A31: 900713 | B31: Chréa | C31: UNESCO-MAB Biosphere Reserve | D31: International | E31: PA | F31: Not Applicable | G31: Not Reported | H31: Designated | I31: 2002 | J31: 0 | K31: Polygon | L31: 369.85 | M31: 0 | N31: 412.16 | O31: 0 | P31: Y | T31: N | Y31: Excluded in GIS: UNESCO-MAB Biosphere Reserve | Z31: =IF(AND($A31="",$B31=""),"",IF(OR($E31="",$H31="",$H31="Proposed",$H31="Not Reported"),0,IF(AND($P31="Y",$Q31<>"Y"),0,IF(AND($K31="Point",N($L31)<=0),0,IF(AND(N($L31)<=0,N($N31)<=0,N($R31)+N($S31)<=0),0,1))))) | AA31: =IF(AND($A31="",$B31=""),"",IF($E31="","Site type missing",IF($H31="","STATUS missing",IF($H31="Proposed","STATUS = Proposed",IF($H31="Not Reported","STATUS = Not Reported",IF(AND($P31="Y",$Q31<>"Y"),"UNESCO-MAB Biosphere Reserve",IF(AND($K31="Point",N($L31)<=0),"Point without REP_AREA",IF(AND(N($L31)<=0,N($N31)<=0,N($R31)+N($S31)<=0),"No area information","")))))))) | AB31: =IF(AND($A31="",$B31=""),"",IF($K31="Point",N($L31),IF(N($N31)>0,N($N31),N($L31)))) | AC31: =IF(AND($A31="",$B31=""),"",MIN(AB31,IF(N($J31)=0,0,IF(N($J31)=2,AB31,IF(AND($K31<>"Point",N($O31)>0),N($O31),N($M31)))))) | AD31: =IF(AND($A31="",$B31=""),"",MAX(0,AB31-AC31)) | AE31: =IF(AND($A31="",$B31=""),"",IF(OR($R31<>"",$S31<>""),1,0)) | AF31: =IF(AND($A31="",$B31=""),"",IF(Z31=1,IF(AE31=1,N($R31),AD31),0)) | AG31: =IF(AND($A31="",$B31=""),"",IF(Z31=1,IF(AE31=1,N($S31),AC31),0)) | AH31: =IF(AND($A31="",$B31=""),"",IF(AND(ISNUMBER($I31),N($I31)>0),$I31,0)) | AI31: =IF(AND(NOT(AND($A31="",$B31="")),$K31="Point",N($L31)>0),SQRT(N($L31)/PI()),"") | AJ31: =IF(AND($A31="",$B31=""),"",IFERROR(VLOOKUP($G31,Lists!$D$4:$E$15,2,FALSE),"Not reported")) | AK31: =IF(AND($A31="",$B31=""),"",IF($X31<>"",$X31,IF($T31<>"Y","Not assessed",IF(AND(ISNUMBER($V31),Setup!$B$6-$V31>Setup!$B$26),"Assessment outdated",IF(NOT(ISNUMBER($W31)),"Assessed – no score",IF($W31>=Setup!$B$24,"High",IF($W31>=Setup!$B$25,"Moderate","Low"))))))) | AL31: =IF(AND($A31="",$B31=""),"",IF(Z31=0,"",IF(AND(AE31=1,N($R31)>AD31*1.01+0.001),"Net terrestrial > gross; ","")&IF(AND(AE31=1,N($S31)>AC31*1.01+0.001),"Net marine > gross; ","")&IF(AE31=0,"No net area – gross used, overlaps may be double-counted; ","")&IF(AH31=0,"STATUS_YR missing – imputed in time series; ","")&IF(AND(ISNUMBER($I31),N($I31)>Setup!$B$6),"STATUS_YR after reporting year; ","")&IF(OR($G31="",$G31="Not Reported"),"GOV_TYPE not reported; ","")&IF(AND(N($J31)=1,$K31="Point",N($M31)<=0),"Coastal point without REP_M_AREA – land/sea split unknown; ","")&IF(AND(N($J31)=0,N($S31)>0),"MARINE=0 but net marine >0; ","")&IF(AND(N($J31)=2,N($R31)>0),"MARINE=2 but net terrestrial >0; ","")&IF($K31="Point","Buffered point – coverage approximate; ","")))
A32: 19571 | B32: Réserve Naturelle Marine des Iles Habibas | C32: Marine Nature Reserve | D32: National | E32: PA | F32: Ia | G32: Federal or national ministry or agency | H32: Designated | I32: 2003 | J32: 2 | K32: Point | L32: 26.84 | M32: 26.84 | P32: N | R32: 0 | S32: 26.837 | T32: N | Z32: =IF(AND($A32="",$B32=""),"",IF(OR($E32="",$H32="",$H32="Proposed",$H32="Not Reported"),0,IF(AND($P32="Y",$Q32<>"Y"),0,IF(AND($K32="Point",N($L32)<=0),0,IF(AND(N($L32)<=0,N($N32)<=0,N($R32)+N($S32)<=0),0,1))))) | AA32: =IF(AND($A32="",$B32=""),"",IF($E32="","Site type missing",IF($H32="","STATUS missing",IF($H32="Proposed","STATUS = Proposed",IF($H32="Not Reported","STATUS = Not Reported",IF(AND($P32="Y",$Q32<>"Y"),"UNESCO-MAB Biosphere Reserve",IF(AND($K32="Point",N($L32)<=0),"Point without REP_AREA",IF(AND(N($L32)<=0,N($N32)<=0,N($R32)+N($S32)<=0),"No area information","")))))))) | AB32: =IF(AND($A32="",$B32=""),"",IF($K32="Point",N($L32),IF(N($N32)>0,N($N32),N($L32)))) | AC32: =IF(AND($A32="",$B32=""),"",MIN(AB32,IF(N($J32)=0,0,IF(N($J32)=2,AB32,IF(AND($K32<>"Point",N($O32)>0),N($O32),N($M32)))))) | AD32: =IF(AND($A32="",$B32=""),"",MAX(0,AB32-AC32)) | AE32: =IF(AND($A32="",$B32=""),"",IF(OR($R32<>"",$S32<>""),1,0)) | AF32: =IF(AND($A32="",$B32=""),"",IF(Z32=1,IF(AE32=1,N($R32),AD32),0)) | AG32: =IF(AND($A32="",$B32=""),"",IF(Z32=1,IF(AE32=1,N($S32),AC32),0)) | AH32: =IF(AND($A32="",$B32=""),"",IF(AND(ISNUMBER($I32),N($I32)>0),$I32,0)) | AI32: =IF(AND(NOT(AND($A32="",$B32="")),$K32="Point",N($L32)>0),SQRT(N($L32)/PI()),"") | AJ32: =IF(AND($A32="",$B32=""),"",IFERROR(VLOOKUP($G32,Lists!$D$4:$E$15,2,FALSE),"Not reported")) | AK32: =IF(AND($A32="",$B32=""),"",IF($X32<>"",$X32,IF($T32<>"Y","Not assessed",IF(AND(ISNUMBER($V32),Setup!$B$6-$V32>Setup!$B$26),"Assessment outdated",IF(NOT(ISNUMBER($W32)),"Assessed – no score",IF($W32>=Setup!$B$24,"High",IF($W32>=Setup!$B$25,"Moderate","Low"))))))) | AL32: =IF(AND($A32="",$B32=""),"",IF(Z32=0,"",IF(AND(AE32=1,N($R32)>AD32*1.01+0.001),"Net terrestrial > gross; ","")&IF(AND(AE32=1,N($S32)>AC32*1.01+0.001),"Net marine > gross; ","")&IF(AE32=0,"No net area – gross used, overlaps may be double-counted; ","")&IF(AH32=0,"STATUS_YR missing – imputed in time series; ","")&IF(AND(ISNUMBER($I32),N($I32)>Setup!$B$6),"STATUS_YR after reporting year; ","")&IF(OR($G32="",$G32="Not Reported"),"GOV_TYPE not reported; ","")&IF(AND(N($J32)=1,$K32="Point",N($M32)<=0),"Coastal point without REP_M_AREA – land/sea split unknown; ","")&IF(AND(N($J32)=0,N($S32)>0),"MARINE=0 but net marine >0; ","")&IF(AND(N($J32)=2,N($R32)>0),"MARINE=2 but net terrestrial >0; ","")&IF($K32="Point","Buffered point – coverage approximate; ","")))
A33: 72354 | B33: Parc National de Djebel Aissa | C33: National Park | D33: National | E33: PA | F33: II | G33: Not Reported | H33: Designated | I33: 2003 | J33: 0 | K33: Point | L33: 244 | M33: 0 | P33: N | R33: 243.976 | S33: 0 | T33: N | Z33: =IF(AND($A33="",$B33=""),"",IF(OR($E33="",$H33="",$H33="Proposed",$H33="Not Reported"),0,IF(AND($P33="Y",$Q33<>"Y"),0,IF(AND($K33="Point",N($L33)<=0),0,IF(AND(N($L33)<=0,N($N33)<=0,N($R33)+N($S33)<=0),0,1))))) | AA33: =IF(AND($A33="",$B33=""),"",IF($E33="","Site type missing",IF($H33="","STATUS missing",IF($H33="Proposed","STATUS = Proposed",IF($H33="Not Reported","STATUS = Not Reported",IF(AND($P33="Y",$Q33<>"Y"),"UNESCO-MAB Biosphere Reserve",IF(AND($K33="Point",N($L33)<=0),"Point without REP_AREA",IF(AND(N($L33)<=0,N($N33)<=0,N($R33)+N($S33)<=0),"No area information","")))))))) | AB33: =IF(AND($A33="",$B33=""),"",IF($K33="Point",N($L33),IF(N($N33)>0,N($N33),N($L33)))) | AC33: =IF(AND($A33="",$B33=""),"",MIN(AB33,IF(N($J33)=0,0,IF(N($J33)=2,AB33,IF(AND($K33<>"Point",N($O33)>0),N($O33),N($M33)))))) | AD33: =IF(AND($A33="",$B33=""),"",MAX(0,AB33-AC33)) | AE33: =IF(AND($A33="",$B33=""),"",IF(OR($R33<>"",$S33<>""),1,0)) | AF33: =IF(AND($A33="",$B33=""),"",IF(Z33=1,IF(AE33=1,N($R33),AD33),0)) | AG33: =IF(AND($A33="",$B33=""),"",IF(Z33=1,IF(AE33=1,N($S33),AC33),0)) | AH33: =IF(AND($A33="",$B33=""),"",IF(AND(ISNUMBER($I33),N($I33)>0),$I33,0)) | AI33: =IF(AND(NOT(AND($A33="",$B33="")),$K33="Point",N($L33)>0),SQRT(N($L33)/PI()),"") | AJ33: =IF(AND($A33="",$B33=""),"",IFERROR(VLOOKUP($G33,Lists!$D$4:$E$15,2,FALSE),"Not reported")) | AK33: =IF(AND($A33="",$B33=""),"",IF($X33<>"",$X33,IF($T33<>"Y","Not assessed",IF(AND(ISNUMBER($V33),Setup!$B$6-$V33>Setup!$B$26),"Assessment outdated",IF(NOT(ISNUMBER($W33)),"Assessed – no score",IF($W33>=Setup!$B$24,"High",IF($W33>=Setup!$B$25,"Moderate","Low"))))))) | AL33: =IF(AND($A33="",$B33=""),"",IF(Z33=0,"",IF(AND(AE33=1,N($R33)>AD33*1.01+0.001),"Net terrestrial > gross; ","")&IF(AND(AE33=1,N($S33)>AC33*1.01+0.001),"Net marine > gross; ","")&IF(AE33=0,"No net area – gross used, overlaps may be double-counted; ","")&IF(AH33=0,"STATUS_YR missing – imputed in time series; ","")&IF(AND(ISNUMBER($I33),N($I33)>Setup!$B$6),"STATUS_YR after reporting year; ","")&IF(OR($G33="",$G33="Not Reported"),"GOV_TYPE not reported; ","")&IF(AND(N($J33)=1,$K33="Point",N($M33)<=0),"Coastal point without REP_M_AREA – land/sea split unknown; ","")&IF(AND(N($J33)=0,N($S33)>0),"MARINE=0 but net marine >0; ","")&IF(AND(N($J33)=2,N($R33)>0),"MARINE=2 but net terrestrial >0; ","")&IF($K33="Point","Buffered point – coverage approximate; ","")))
A34: 901222 | B34: Aulnaie de Aïn Khiar | C34: Wetland of International Importance (Ramsar Site) | D34: International | E34: PA | F34: Not Reported | G34: Federal or national ministry or agency | H34: Designated | I34: 2003 | J34: 0 | K34: Polygon | L34: 1.8 | M34: 0 | N34: 1.679 | O34: 0 | P34: N | R34: 0.008 | S34: 0 | T34: N | Y34: Overlap attributed to earlier site | Z34: =IF(AND($A34="",$B34=""),"",IF(OR($E34="",$H34="",$H34="Proposed",$H34="Not Reported"),0,IF(AND($P34="Y",$Q34<>"Y"),0,IF(AND($K34="Point",N($L34)<=0),0,IF(AND(N($L34)<=0,N($N34)<=0,N($R34)+N($S34)<=0),0,1))))) | AA34: =IF(AND($A34="",$B34=""),"",IF($E34="","Site type missing",IF($H34="","STATUS missing",IF($H34="Proposed","STATUS = Proposed",IF($H34="Not Reported","STATUS = Not Reported",IF(AND($P34="Y",$Q34<>"Y"),"UNESCO-MAB Biosphere Reserve",IF(AND($K34="Point",N($L34)<=0),"Point without REP_AREA",IF(AND(N($L34)<=0,N($N34)<=0,N($R34)+N($S34)<=0),"No area information","")))))))) | AB34: =IF(AND($A34="",$B34=""),"",IF($K34="Point",N($L34),IF(N($N34)>0,N($N34),N($L34)))) | AC34: =IF(AND($A34="",$B34=""),"",MIN(AB34,IF(N($J34)=0,0,IF(N($J34)=2,AB34,IF(AND($K34<>"Point",N($O34)>0),N($O34),N($M34)))))) | AD34: =IF(AND($A34="",$B34=""),"",MAX(0,AB34-AC34)) | AE34: =IF(AND($A34="",$B34=""),"",IF(OR($R34<>"",$S34<>""),1,0)) | AF34: =IF(AND($A34="",$B34=""),"",IF(Z34=1,IF(AE34=1,N($R34),AD34),0)) | AG34: =IF(AND($A34="",$B34=""),"",IF(Z34=1,IF(AE34=1,N($S34),AC34),0)) | AH34: =IF(AND($A34="",$B34=""),"",IF(AND(ISNUMBER($I34),N($I34)>0),$I34,0)) | AI34: =IF(AND(NOT(AND($A34="",$B34="")),$K34="Point",N($L34)>0),SQRT(N($L34)/PI()),"") | AJ34: =IF(AND($A34="",$B34=""),"",IFERROR(VLOOKUP($G34,Lists!$D$4:$E$15,2,FALSE),"Not reported")) | AK34: =IF(AND($A34="",$B34=""),"",IF($X34<>"",$X34,IF($T34<>"Y","Not assessed",IF(AND(ISNUMBER($V34),Setup!$B$6-$V34>Setup!$B$26),"Assessment outdated",IF(NOT(ISNUMBER($W34)),"Assessed – no score",IF($W34>=Setup!$B$24,"High",IF($W34>=Setup!$B$25,"Moderate","Low"))))))) | AL34: =IF(AND($A34="",$B34=""),"",IF(Z34=0,"",IF(AND(AE34=1,N($R34)>AD34*1.01+0.001),"Net terrestrial > gross; ","")&IF(AND(AE34=1,N($S34)>AC34*1.01+0.001),"Net marine > gross; ","")&IF(AE34=0,"No net area – gross used, overlaps may be double-counted; ","")&IF(AH34=0,"STATUS_YR missing – imputed in time series; ","")&IF(AND(ISNUMBER($I34),N($I34)>Setup!$B$6),"STATUS_YR after reporting year; ","")&IF(OR($G34="",$G34="Not Reported"),"GOV_TYPE not reported; ","")&IF(AND(N($J34)=1,$K34="Point",N($M34)<=0),"Coastal point without REP_M_AREA – land/sea split unknown; ","")&IF(AND(N($J34)=0,N($S34)>0),"MARINE=0 but net marine >0; ","")&IF(AND(N($J34)=2,N($R34)>0),"MARINE=2 but net terrestrial >0; ","")&IF($K34="Point","Buffered point – coverage approximate; ","")))
A35: 901223 | B35: Chott Zahrez Chergui | C35: Wetland of International Importance (Ramsar Site) | D35: International | E35: PA | F35: Not Reported | G35: Federal or national ministry or agency | H35: Designated | I35: 2003 | J35: 0 | K35: Polygon | L35: 509.85 | M35: 0 | N35: 510.274 | O35: 0 | P35: N | R35: 511.426 | S35: 0 | T35: N | Z35: =IF(AND($A35="",$B35=""),"",IF(OR($E35="",$H35="",$H35="Proposed",$H35="Not Reported"),0,IF(AND($P35="Y",$Q35<>"Y"),0,IF(AND($K35="Point",N($L35)<=0),0,IF(AND(N($L35)<=0,N($N35)<=0,N($R35)+N($S35)<=0),0,1))))) | AA35: =IF(AND($A35="",$B35=""),"",IF($E35="","Site type missing",IF($H35="","STATUS missing",IF($H35="Proposed","STATUS = Proposed",IF($H35="Not Reported","STATUS = Not Reported",IF(AND($P35="Y",$Q35<>"Y"),"UNESCO-MAB Biosphere Reserve",IF(AND($K35="Point",N($L35)<=0),"Point without REP_AREA",IF(AND(N($L35)<=0,N($N35)<=0,N($R35)+N($S35)<=0),"No area information","")))))))) | AB35: =IF(AND($A35="",$B35=""),"",IF($K35="Point",N($L35),IF(N($N35)>0,N($N35),N($L35)))) | AC35: =IF(AND($A35="",$B35=""),"",MIN(AB35,IF(N($J35)=0,0,IF(N($J35)=2,AB35,IF(AND($K35<>"Point",N($O35)>0),N($O35),N($M35)))))) | AD35: =IF(AND($A35="",$B35=""),"",MAX(0,AB35-AC35)) | AE35: =IF(AND($A35="",$B35=""),"",IF(OR($R35<>"",$S35<>""),1,0)) | AF35: =IF(AND($A35="",$B35=""),"",IF(Z35=1,IF(AE35=1,N($R35),AD35),0)) | AG35: =IF(AND($A35="",$B35=""),"",IF(Z35=1,IF(AE35=1,N($S35),AC35),0)) | AH35: =IF(AND($A35="",$B35=""),"",IF(AND(ISNUMBER($I35),N($I35)>0),$I35,0)) | AI35: =IF(AND(NOT(AND($A35="",$B35="")),$K35="Point",N($L35)>0),SQRT(N($L35)/PI()),"") | AJ35: =IF(AND($A35="",$B35=""),"",IFERROR(VLOOKUP($G35,Lists!$D$4:$E$15,2,FALSE),"Not reported")) | AK35: =IF(AND($A35="",$B35=""),"",IF($X35<>"",$X35,IF($T35<>"Y","Not assessed",IF(AND(ISNUMBER($V35),Setup!$B$6-$V35>Setup!$B$26),"Assessment outdated",IF(NOT(ISNUMBER($W35)),"Assessed – no score",IF($W35>=Setup!$B$24,"High",IF($W35>=Setup!$B$25,"Moderate","Low"))))))) | AL35: =IF(AND($A35="",$B35=""),"",IF(Z35=0,"",IF(AND(AE35=1,N($R35)>AD35*1.01+0.001),"Net terrestrial > gross; ","")&IF(AND(AE35=1,N($S35)>AC35*1.01+0.001),"Net marine > gross; ","")&IF(AE35=0,"No net area – gross used, overlaps may be double-counted; ","")&IF(AH35=0,"STATUS_YR missing – imputed in time series; ","")&IF(AND(ISNUMBER($I35),N($I35)>Setup!$B$6),"STATUS_YR after reporting year; ","")&IF(OR($G35="",$G35="Not Reported"),"GOV_TYPE not reported; ","")&IF(AND(N($J35)=1,$K35="Point",N($M35)<=0),"Coastal point without REP_M_AREA – land/sea split unknown; ","")&IF(AND(N($J35)=0,N($S35)>0),"MARINE=0 but net marine >0; ","")&IF(AND(N($J35)=2,N($R35)>0),"MARINE=2 but net terrestrial >0; ","")&IF($K35="Point","Buffered point – coverage approximate; ","")))
A36: 901224 | B36: Chott Zahrez Gharbi | C36: Wetland of International Importance (Ramsar Site) | D36: International | E36: PA | F36: Not Reported | G36: Federal or national ministry or agency | H36: Designated | I36: 2003 | J36: 0 | K36: Polygon | L36: 522 | M36: 0 | N36: 524.075 | O36: 0 | P36: N | R36: 525.293 | S36: 0 | T36: N | Z36: =IF(AND($A36="",$B36=""),"",IF(OR($E36="",$H36="",$H36="Proposed",$H36="Not Reported"),0,IF(AND($P36="Y",$Q36<>"Y"),0,IF(AND($K36="Point",N($L36)<=0),0,IF(AND(N($L36)<=0,N($N36)<=0,N($R36)+N($S36)<=0),0,1))))) | AA36: =IF(AND($A36="",$B36=""),"",IF($E36="","Site type missing",IF($H36="","STATUS missing",IF($H36="Proposed","STATUS = Proposed",IF($H36="Not Reported","STATUS = Not Reported",IF(AND($P36="Y",$Q36<>"Y"),"UNESCO-MAB Biosphere Reserve",IF(AND($K36="Point",N($L36)<=0),"Point without REP_AREA",IF(AND(N($L36)<=0,N($N36)<=0,N($R36)+N($S36)<=0),"No area information","")))))))) | AB36: =IF(AND($A36="",$B36=""),"",IF($K36="Point",N($L36),IF(N($N36)>0,N($N36),N($L36)))) | AC36: =IF(AND($A36="",$B36=""),"",MIN(AB36,IF(N($J36)=0,0,IF(N($J36)=2,AB36,IF(AND($K36<>"Point",N($O36)>0),N($O36),N($M36)))))) | AD36: =IF(AND($A36="",$B36=""),"",MAX(0,AB36-AC36)) | AE36: =IF(AND($A36="",$B36=""),"",IF(OR($R36<>"",$S36<>""),1,0)) | AF36: =IF(AND($A36="",$B36=""),"",IF(Z36=1,IF(AE36=1,N($R36),AD36),0)) | AG36: =IF(AND($A36="",$B36=""),"",IF(Z36=1,IF(AE36=1,N($S36),AC36),0)) | AH36: =IF(AND($A36="",$B36=""),"",IF(AND(ISNUMBER($I36),N($I36)>0),$I36,0)) | AI36: =IF(AND(NOT(AND($A36="",$B36="")),$K36="Point",N($L36)>0),SQRT(N($L36)/PI()),"") | AJ36: =IF(AND($A36="",$B36=""),"",IFERROR(VLOOKUP($G36,Lists!$D$4:$E$15,2,FALSE),"Not reported")) | AK36: =IF(AND($A36="",$B36=""),"",IF($X36<>"",$X36,IF($T36<>"Y","Not assessed",IF(AND(ISNUMBER($V36),Setup!$B$6-$V36>Setup!$B$26),"Assessment outdated",IF(NOT(ISNUMBER($W36)),"Assessed – no score",IF($W36>=Setup!$B$24,"High",IF($W36>=Setup!$B$25,"Moderate","Low"))))))) | AL36: =IF(AND($A36="",$B36=""),"",IF(Z36=0,"",IF(AND(AE36=1,N($R36)>AD36*1.01+0.001),"Net terrestrial > gross; ","")&IF(AND(AE36=1,N($S36)>AC36*1.01+0.001),"Net marine > gross; ","")&IF(AE36=0,"No net area – gross used, overlaps may be double-counted; ","")&IF(AH36=0,"STATUS_YR missing – imputed in time series; ","")&IF(AND(ISNUMBER($I36),N($I36)>Setup!$B$6),"STATUS_YR after reporting year; ","")&IF(OR($G36="",$G36="Not Reported"),"GOV_TYPE not reported; ","")&IF(AND(N($J36)=1,$K36="Point",N($M36)<=0),"Coastal point without REP_M_AREA – land/sea split unknown; ","")&IF(AND(N($J36)=0,N($S36)>0),"MARINE=0 but net marine >0; ","")&IF(AND(N($J36)=2,N($R36)>0),"MARINE=2 but net terrestrial >0; ","")&IF($K36="Point","Buffered point – coverage approximate; ","")))
A37: 901225 | B37: Chott Melrhir | C37: Wetland of International Importance (Ramsar Site) | D37: International | E37: PA | F37: Not Reported | G37: Federal or national ministry or agency | H37: Designated | I37: 2003 | J37: 0 | K37: Polygon | L37: 5515 | M37: 0 | N37: 5386.079 | O37: 0 | P37: N | R37: 5399.405 | S37: 0 | T37: N | Z37: =IF(AND($A37="",$B37=""),"",IF(OR($E37="",$H37="",$H37="Proposed",$H37="Not Reported"),0,IF(AND($P37="Y",$Q37<>"Y"),0,IF(AND($K37="Point",N($L37)<=0),0,IF(AND(N($L37)<=0,N($N37)<=0,N($R37)+N($S37)<=0),0,1))))) | AA37: =IF(AND($A37="",$B37=""),"",IF($E37="","Site type missing",IF($H37="","STATUS missing",IF($H37="Proposed","STATUS = Proposed",IF($H37="Not Reported","STATUS = Not Reported",IF(AND($P37="Y",$Q37<>"Y"),"UNESCO-MAB Biosphere Reserve",IF(AND($K37="Point",N($L37)<=0),"Point without REP_AREA",IF(AND(N($L37)<=0,N($N37)<=0,N($R37)+N($S37)<=0),"No area information","")))))))) | AB37: =IF(AND($A37="",$B37=""),"",IF($K37="Point",N($L37),IF(N($N37)>0,N($N37),N($L37)))) | AC37: =IF(AND($A37="",$B37=""),"",MIN(AB37,IF(N($J37)=0,0,IF(N($J37)=2,AB37,IF(AND($K37<>"Point",N($O37)>0),N($O37),N($M37)))))) | AD37: =IF(AND($A37="",$B37=""),"",MAX(0,AB37-AC37)) | AE37: =IF(AND($A37="",$B37=""),"",IF(OR($R37<>"",$S37<>""),1,0)) | AF37: =IF(AND($A37="",$B37=""),"",IF(Z37=1,IF(AE37=1,N($R37),AD37),0)) | AG37: =IF(AND($A37="",$B37=""),"",IF(Z37=1,IF(AE37=1,N($S37),AC37),0)) | AH37: =IF(AND($A37="",$B37=""),"",IF(AND(ISNUMBER($I37),N($I37)>0),$I37,0)) | AI37: =IF(AND(NOT(AND($A37="",$B37="")),$K37="Point",N($L37)>0),SQRT(N($L37)/PI()),"") | AJ37: =IF(AND($A37="",$B37=""),"",IFERROR(VLOOKUP($G37,Lists!$D$4:$E$15,2,FALSE),"Not reported")) | AK37: =IF(AND($A37="",$B37=""),"",IF($X37<>"",$X37,IF($T37<>"Y","Not assessed",IF(AND(ISNUMBER($V37),Setup!$B$6-$V37>Setup!$B$26),"Assessment outdated",IF(NOT(ISNUMBER($W37)),"Assessed – no score",IF($W37>=Setup!$B$24,"High",IF($W37>=Setup!$B$25,"Moderate","Low"))))))) | AL37: =IF(AND($A37="",$B37=""),"",IF(Z37=0,"",IF(AND(AE37=1,N($R37)>AD37*1.01+0.001),"Net terrestrial > gross; ","")&IF(AND(AE37=1,N($S37)>AC37*1.01+0.001),"Net marine > gross; ","")&IF(AE37=0,"No net area – gross used, overlaps may be double-counted; ","")&IF(AH37=0,"STATUS_YR missing – imputed in time series; ","")&IF(AND(ISNUMBER($I37),N($I37)>Setup!$B$6),"STATUS_YR after reporting year; ","")&IF(OR($G37="",$G37="Not Reported"),"GOV_TYPE not reported; ","")&IF(AND(N($J37)=1,$K37="Point",N($M37)<=0),"Coastal point without REP_M_AREA – land/sea split unknown; ","")&IF(AND(N($J37)=0,N($S37)>0),"MARINE=0 but net marine >0; ","")&IF(AND(N($J37)=2,N($R37)>0),"MARINE=2 but net terrestrial >0; ","")&IF($K37="Point","Buffered point – coverage approximate; ","")))
A38: 901226 | B38: Grotte karstique de Ghar Boumâaza | C38: Wetland of International Importance (Ramsar Site) | D38: International | E38: PA | F38: Not Reported | G38: Federal or national ministry or agency | H38: Designated | I38: 2003 | J38: 0 | K38: Polygon | L38: 200 | M38: 0 | N38: 532.859 | O38: 0 | P38: N | R38: 533.008 | S38: 0 | T38: N | Z38: =IF(AND($A38="",$B38=""),"",IF(OR($E38="",$H38="",$H38="Proposed",$H38="Not Reported"),0,IF(AND($P38="Y",$Q38<>"Y"),0,IF(AND($K38="Point",N($L38)<=0),0,IF(AND(N($L38)<=0,N($N38)<=0,N($R38)+N($S38)<=0),0,1))))) | AA38: =IF(AND($A38="",$B38=""),"",IF($E38="","Site type missing",IF($H38="","STATUS missing",IF($H38="Proposed","STATUS = Proposed",IF($H38="Not Reported","STATUS = Not Reported",IF(AND($P38="Y",$Q38<>"Y"),"UNESCO-MAB Biosphere Reserve",IF(AND($K38="Point",N($L38)<=0),"Point without REP_AREA",IF(AND(N($L38)<=0,N($N38)<=0,N($R38)+N($S38)<=0),"No area information","")))))))) | AB38: =IF(AND($A38="",$B38=""),"",IF($K38="Point",N($L38),IF(N($N38)>0,N($N38),N($L38)))) | AC38: =IF(AND($A38="",$B38=""),"",MIN(AB38,IF(N($J38)=0,0,IF(N($J38)=2,AB38,IF(AND($K38<>"Point",N($O38)>0),N($O38),N($M38)))))) | AD38: =IF(AND($A38="",$B38=""),"",MAX(0,AB38-AC38)) | AE38: =IF(AND($A38="",$B38=""),"",IF(OR($R38<>"",$S38<>""),1,0)) | AF38: =IF(AND($A38="",$B38=""),"",IF(Z38=1,IF(AE38=1,N($R38),AD38),0)) | AG38: =IF(AND($A38="",$B38=""),"",IF(Z38=1,IF(AE38=1,N($S38),AC38),0)) | AH38: =IF(AND($A38="",$B38=""),"",IF(AND(ISNUMBER($I38),N($I38)>0),$I38,0)) | AI38: =IF(AND(NOT(AND($A38="",$B38="")),$K38="Point",N($L38)>0),SQRT(N($L38)/PI()),"") | AJ38: =IF(AND($A38="",$B38=""),"",IFERROR(VLOOKUP($G38,Lists!$D$4:$E$15,2,FALSE),"Not reported")) | AK38: =IF(AND($A38="",$B38=""),"",IF($X38<>"",$X38,IF($T38<>"Y","Not assessed",IF(AND(ISNUMBER($V38),Setup!$B$6-$V38>Setup!$B$26),"Assessment outdated",IF(NOT(ISNUMBER($W38)),"Assessed – no score",IF($W38>=Setup!$B$24,"High",IF($W38>=Setup!$B$25,"Moderate","Low"))))))) | AL38: =IF(AND($A38="",$B38=""),"",IF(Z38=0,"",IF(AND(AE38=1,N($R38)>AD38*1.01+0.001),"Net terrestrial > gross; ","")&IF(AND(AE38=1,N($S38)>AC38*1.01+0.001),"Net marine > gross; ","")&IF(AE38=0,"No net area – gross used, overlaps may be double-counted; ","")&IF(AH38=0,"STATUS_YR missing – imputed in time series; ","")&IF(AND(ISNUMBER($I38),N($I38)>Setup!$B$6),"STATUS_YR after reporting year; ","")&IF(OR($G38="",$G38="Not Reported"),"GOV_TYPE not reported; ","")&IF(AND(N($J38)=1,$K38="Point",N($M38)<=0),"Coastal point without REP_M_AREA – land/sea split unknown; ","")&IF(AND(N($J38)=0,N($S38)>0),"MARINE=0 but net marine >0; ","")&IF(AND(N($J38)=2,N($R38)>0),"MARINE=2 but net terrestrial >0; ","")&IF($K38="Point","Buffered point – coverage approximate; ","")))
A39: 901227 | B39: Gueltates Afilal | C39: Wetland of International Importance (Ramsar Site) | D39: International | E39: PA | F39: Not Reported | G39: Federal or national ministry or agency | H39: Designated | I39: 2003 | J39: 0 | K39: Polygon | L39: 209 | M39: 0 | N39: 192.584 | O39: 0 | P39: N | R39: 193.481 | S39: 0 | T39: N | Z39: =IF(AND($A39="",$B39=""),"",IF(OR($E39="",$H39="",$H39="Proposed",$H39="Not Reported"),0,IF(AND($P39="Y",$Q39<>"Y"),0,IF(AND($K39="Point",N($L39)<=0),0,IF(AND(N($L39)<=0,N($N39)<=0,N($R39)+N($S39)<=0),0,1))))) | AA39: =IF(AND($A39="",$B39=""),"",IF($E39="","Site type missing",IF($H39="","STATUS missing",IF($H39="Proposed","STATUS = Proposed",IF($H39="Not Reported","STATUS = Not Reported",IF(AND($P39="Y",$Q39<>"Y"),"UNESCO-MAB Biosphere Reserve",IF(AND($K39="Point",N($L39)<=0),"Point without REP_AREA",IF(AND(N($L39)<=0,N($N39)<=0,N($R39)+N($S39)<=0),"No area information","")))))))) | AB39: =IF(AND($A39="",$B39=""),"",IF($K39="Point",N($L39),IF(N($N39)>0,N($N39),N($L39)))) | AC39: =IF(AND($A39="",$B39=""),"",MIN(AB39,IF(N($J39)=0,0,IF(N($J39)=2,AB39,IF(AND($K39<>"Point",N($O39)>0),N($O39),N($M39)))))) | AD39: =IF(AND($A39="",$B39=""),"",MAX(0,AB39-AC39)) | AE39: =IF(AND($A39="",$B39=""),"",IF(OR($R39<>"",$S39<>""),1,0)) | AF39: =IF(AND($A39="",$B39=""),"",IF(Z39=1,IF(AE39=1,N($R39),AD39),0)) | AG39: =IF(AND($A39="",$B39=""),"",IF(Z39=1,IF(AE39=1,N($S39),AC39),0)) | AH39: =IF(AND($A39="",$B39=""),"",IF(AND(ISNUMBER($I39),N($I39)>0),$I39,0)) | AI39: =IF(AND(NOT(AND($A39="",$B39="")),$K39="Point",N($L39)>0),SQRT(N($L39)/PI()),"") | AJ39: =IF(AND($A39="",$B39=""),"",IFERROR(VLOOKUP($G39,Lists!$D$4:$E$15,2,FALSE),"Not reported")) | AK39: =IF(AND($A39="",$B39=""),"",IF($X39<>"",$X39,IF($T39<>"Y","Not assessed",IF(AND(ISNUMBER($V39),Setup!$B$6-$V39>Setup!$B$26),"Assessment outdated",IF(NOT(ISNUMBER($W39)),"Assessed – no score",IF($W39>=Setup!$B$24,"High",IF($W39>=Setup!$B$25,"Moderate","Low"))))))) | AL39: =IF(AND($A39="",$B39=""),"",IF(Z39=0,"",IF(AND(AE39=1,N($R39)>AD39*1.01+0.001),"Net terrestrial > gross; ","")&IF(AND(AE39=1,N($S39)>AC39*1.01+0.001),"Net marine > gross; ","")&IF(AE39=0,"No net area – gross used, overlaps may be double-counted; ","")&IF(AH39=0,"STATUS_YR missing – imputed in time series; ","")&IF(AND(ISNUMBER($I39),N($I39)>Setup!$B$6),"STATUS_YR after reporting year; ","")&IF(OR($G39="",$G39="Not Reported"),"GOV_TYPE not reported; ","")&IF(AND(N($J39)=1,$K39="Point",N($M39)<=0),"Coastal point without REP_M_AREA – land/sea split unknown; ","")&IF(AND(N($J39)=0,N($S39)>0),"MARINE=0 but net marine >0; ","")&IF(AND(N($J39)=2,N($R39)>0),"MARINE=2 but net terrestrial >0; ","")&IF($K39="Point","Buffered point – coverage approximate; ","")))
A40: 901228 | B40: Lac de Fetzara | C40: Wetland of International Importance (Ramsar Site) | D40: International | E40: PA | F40: Not Reported | G40: Federal or national ministry or agency | H40: Designated | I40: 2003 | J40: 0 | K40: Polygon | L40: 120 | M40: 0 | N40: 123.067 | O40: 0 | P40: N | R40: 123.302 | S40: 0 | T40: N | Z40: =IF(AND($A40="",$B40=""),"",IF(OR($E40="",$H40="",$H40="Proposed",$H40="Not Reported"),0,IF(AND($P40="Y",$Q40<>"Y"),0,IF(AND($K40="Point",N($L40)<=0),0,IF(AND(N($L40)<=0,N($N40)<=0,N($R40)+N($S40)<=0),0,1))))) | AA40: =IF(AND($A40="",$B40=""),"",IF($E40="","Site type missing",IF($H40="","STATUS missing",IF($H40="Proposed","STATUS = Proposed",IF($H40="Not Reported","STATUS = Not Reported",IF(AND($P40="Y",$Q40<>"Y"),"UNESCO-MAB Biosphere Reserve",IF(AND($K40="Point",N($L40)<=0),"Point without REP_AREA",IF(AND(N($L40)<=0,N($N40)<=0,N($R40)+N($S40)<=0),"No area information","")))))))) | AB40: =IF(AND($A40="",$B40=""),"",IF($K40="Point",N($L40),IF(N($N40)>0,N($N40),N($L40)))) | AC40: =IF(AND($A40="",$B40=""),"",MIN(AB40,IF(N($J40)=0,0,IF(N($J40)=2,AB40,IF(AND($K40<>"Point",N($O40)>0),N($O40),N($M40)))))) | AD40: =IF(AND($A40="",$B40=""),"",MAX(0,AB40-AC40)) | AE40: =IF(AND($A40="",$B40=""),"",IF(OR($R40<>"",$S40<>""),1,0)) | AF40: =IF(AND($A40="",$B40=""),"",IF(Z40=1,IF(AE40=1,N($R40),AD40),0)) | AG40: =IF(AND($A40="",$B40=""),"",IF(Z40=1,IF(AE40=1,N($S40),AC40),0)) | AH40: =IF(AND($A40="",$B40=""),"",IF(AND(ISNUMBER($I40),N($I40)>0),$I40,0)) | AI40: =IF(AND(NOT(AND($A40="",$B40="")),$K40="Point",N($L40)>0),SQRT(N($L40)/PI()),"") | AJ40: =IF(AND($A40="",$B40=""),"",IFERROR(VLOOKUP($G40,Lists!$D$4:$E$15,2,FALSE),"Not reported")) | AK40: =IF(AND($A40="",$B40=""),"",IF($X40<>"",$X40,IF($T40<>"Y","Not assessed",IF(AND(ISNUMBER($V40),Setup!$B$6-$V40>Setup!$B$26),"Assessment outdated",IF(NOT(ISNUMBER($W40)),"Assessed – no score",IF($W40>=Setup!$B$24,"High",IF($W40>=Setup!$B$25,"Moderate","Low"))))))) | AL40: =IF(AND($A40="",$B40=""),"",IF(Z40=0,"",IF(AND(AE40=1,N($R40)>AD40*1.01+0.001),"Net terrestrial > gross; ","")&IF(AND(AE40=1,N($S40)>AC40*1.01+0.001),"Net marine > gross; ","")&IF(AE40=0,"No net area – gross used, overlaps may be double-counted; ","")&IF(AH40=0,"STATUS_YR missing – imputed in time series; ","")&IF(AND(ISNUMBER($I40),N($I40)>Setup!$B$6),"STATUS_YR after reporting year; ","")&IF(OR($G40="",$G40="Not Reported"),"GOV_TYPE not reported; ","")&IF(AND(N($J40)=1,$K40="Point",N($M40)<=0),"Coastal point without REP_M_AREA – land/sea split unknown; ","")&IF(AND(N($J40)=0,N($S40)>0),"MARINE=0 but net marine >0; ","")&IF(AND(N($J40)=2,N($R40)>0),"MARINE=2 but net terrestrial >0; ","")&IF($K40="Point","Buffered point – coverage approximate; ","")))
A41: 901229 | B41: Cirque de Aïn Ouarka | C41: Wetland of International Importance (Ramsar Site) | D41: International | E41: PA | F41: Not Reported | G41: Federal or national ministry or agency | H41: Designated | I41: 2003 | J41: 0 | K41: Polygon | L41: 23.5 | M41: 0 | N41: 0.95 | O41: 0 | P41: N | R41: 0.953 | S41: 0 | T41: N | Z41: =IF(AND($A41="",$B41=""),"",IF(OR($E41="",$H41="",$H41="Proposed",$H41="Not Reported"),0,IF(AND($P41="Y",$Q41<>"Y"),0,IF(AND($K41="Point",N($L41)<=0),0,IF(AND(N($L41)<=0,N($N41)<=0,N($R41)+N($S41)<=0),0,1))))) | AA41: =IF(AND($A41="",$B41=""),"",IF($E41="","Site type missing",IF($H41="","STATUS missing",IF($H41="Proposed","STATUS = Proposed",IF($H41="Not Reported","STATUS = Not Reported",IF(AND($P41="Y",$Q41<>"Y"),"UNESCO-MAB Biosphere Reserve",IF(AND($K41="Point",N($L41)<=0),"Point without REP_AREA",IF(AND(N($L41)<=0,N($N41)<=0,N($R41)+N($S41)<=0),"No area information","")))))))) | AB41: =IF(AND($A41="",$B41=""),"",IF($K41="Point",N($L41),IF(N($N41)>0,N($N41),N($L41)))) | AC41: =IF(AND($A41="",$B41=""),"",MIN(AB41,IF(N($J41)=0,0,IF(N($J41)=2,AB41,IF(AND($K41<>"Point",N($O41)>0),N($O41),N($M41)))))) | AD41: =IF(AND($A41="",$B41=""),"",MAX(0,AB41-AC41)) | AE41: =IF(AND($A41="",$B41=""),"",IF(OR($R41<>"",$S41<>""),1,0)) | AF41: =IF(AND($A41="",$B41=""),"",IF(Z41=1,IF(AE41=1,N($R41),AD41),0)) | AG41: =IF(AND($A41="",$B41=""),"",IF(Z41=1,IF(AE41=1,N($S41),AC41),0)) | AH41: =IF(AND($A41="",$B41=""),"",IF(AND(ISNUMBER($I41),N($I41)>0),$I41,0)) | AI41: =IF(AND(NOT(AND($A41="",$B41="")),$K41="Point",N($L41)>0),SQRT(N($L41)/PI()),"") | AJ41: =IF(AND($A41="",$B41=""),"",IFERROR(VLOOKUP($G41,Lists!$D$4:$E$15,2,FALSE),"Not reported")) | AK41: =IF(AND($A41="",$B41=""),"",IF($X41<>"",$X41,IF($T41<>"Y","Not assessed",IF(AND(ISNUMBER($V41),Setup!$B$6-$V41>Setup!$B$26),"Assessment outdated",IF(NOT(ISNUMBER($W41)),"Assessed – no score",IF($W41>=Setup!$B$24,"High",IF($W41>=Setup!$B$25,"Moderate","Low"))))))) | AL41: =IF(AND($A41="",$B41=""),"",IF(Z41=0,"",IF(AND(AE41=1,N($R41)>AD41*1.01+0.001),"Net terrestrial > gross; ","")&IF(AND(AE41=1,N($S41)>AC41*1.01+0.001),"Net marine > gross; ","")&IF(AE41=0,"No net area – gross used, overlaps may be double-counted; ","")&IF(AH41=0,"STATUS_YR missing – imputed in time series; ","")&IF(AND(ISNUMBER($I41),N($I41)>Setup!$B$6),"STATUS_YR after reporting year; ","")&IF(OR($G41="",$G41="Not Reported"),"GOV_TYPE not reported; ","")&IF(AND(N($J41)=1,$K41="Point",N($M41)<=0),"Coastal point without REP_M_AREA – land/sea split unknown; ","")&IF(AND(N($J41)=0,N($S41)>0),"MARINE=0 but net marine >0; ","")&IF(AND(N($J41)=2,N($R41)>0),"MARINE=2 but net terrestrial >0; ","")&IF($K41="Point","Buffered point – coverage approximate; ","")))
A42: 901230 | B42: Oasis de Moghrar et de Tiout | C42: Wetland of International Importance (Ramsar Site) | D42: International | E42: PA | F42: Not Reported | G42: Federal or national ministry or agency | H42: Designated | I42: 2003 | J42: 0 | K42: Polygon | L42: 1955 | M42: 0 | N42: 1931.337 | O42: 0 | P42: N | R42: 1936.763 | S42: 0 | T42: N | Z42: =IF(AND($A42="",$B42=""),"",IF(OR($E42="",$H42="",$H42="Proposed",$H42="Not Reported"),0,IF(AND($P42="Y",$Q42<>"Y"),0,IF(AND($K42="Point",N($L42)<=0),0,IF(AND(N($L42)<=0,N($N42)<=0,N($R42)+N($S42)<=0),0,1))))) | AA42: =IF(AND($A42="",$B42=""),"",IF($E42="","Site type missing",IF($H42="","STATUS missing",IF($H42="Proposed","STATUS = Proposed",IF($H42="Not Reported","STATUS = Not Reported",IF(AND($P42="Y",$Q42<>"Y"),"UNESCO-MAB Biosphere Reserve",IF(AND($K42="Point",N($L42)<=0),"Point without REP_AREA",IF(AND(N($L42)<=0,N($N42)<=0,N($R42)+N($S42)<=0),"No area information","")))))))) | AB42: =IF(AND($A42="",$B42=""),"",IF($K42="Point",N($L42),IF(N($N42)>0,N($N42),N($L42)))) | AC42: =IF(AND($A42="",$B42=""),"",MIN(AB42,IF(N($J42)=0,0,IF(N($J42)=2,AB42,IF(AND($K42<>"Point",N($O42)>0),N($O42),N($M42)))))) | AD42: =IF(AND($A42="",$B42=""),"",MAX(0,AB42-AC42)) | AE42: =IF(AND($A42="",$B42=""),"",IF(OR($R42<>"",$S42<>""),1,0)) | AF42: =IF(AND($A42="",$B42=""),"",IF(Z42=1,IF(AE42=1,N($R42),AD42),0)) | AG42: =IF(AND($A42="",$B42=""),"",IF(Z42=1,IF(AE42=1,N($S42),AC42),0)) | AH42: =IF(AND($A42="",$B42=""),"",IF(AND(ISNUMBER($I42),N($I42)>0),$I42,0)) | AI42: =IF(AND(NOT(AND($A42="",$B42="")),$K42="Point",N($L42)>0),SQRT(N($L42)/PI()),"") | AJ42: =IF(AND($A42="",$B42=""),"",IFERROR(VLOOKUP($G42,Lists!$D$4:$E$15,2,FALSE),"Not reported")) | AK42: =IF(AND($A42="",$B42=""),"",IF($X42<>"",$X42,IF($T42<>"Y","Not assessed",IF(AND(ISNUMBER($V42),Setup!$B$6-$V42>Setup!$B$26),"Assessment outdated",IF(NOT(ISNUMBER($W42)),"Assessed – no score",IF($W42>=Setup!$B$24,"High",IF($W42>=Setup!$B$25,"Moderate","Low"))))))) | AL42: =IF(AND($A42="",$B42=""),"",IF(Z42=0,"",IF(AND(AE42=1,N($R42)>AD42*1.01+0.001),"Net terrestrial > gross; ","")&IF(AND(AE42=1,N($S42)>AC42*1.01+0.001),"Net marine > gross; ","")&IF(AE42=0,"No net area – gross used, overlaps may be double-counted; ","")&IF(AH42=0,"STATUS_YR missing – imputed in time series; ","")&IF(AND(ISNUMBER($I42),N($I42)>Setup!$B$6),"STATUS_YR after reporting year; ","")&IF(OR($G42="",$G42="Not Reported"),"GOV_TYPE not reported; ","")&IF(AND(N($J42)=1,$K42="Point",N($M42)<=0),"Coastal point without REP_M_AREA – land/sea split unknown; ","")&IF(AND(N($J42)=0,N($S42)>0),"MARINE=0 but net marine >0; ","")&IF(AND(N($J42)=2,N($R42)>0),"MARINE=2 but net terrestrial >0; ","")&IF($K42="Point","Buffered point – coverage approximate; ","")))
A43: 901231 | B43: Marais de la Mekhada | C43: Wetland of International Importance (Ramsar Site) | D43: International | E43: PA | F43: Not Reported | G43: Federal or national ministry or agency | H43: Designated | I43: 2003 | J43: 0 | K43: Polygon | L43: 89 | M43: 0 | N43: 73.488 | O43: 0 | P43: N | R43: 73.628 | S43: 0 | T43: N | Z43: =IF(AND($A43="",$B43=""),"",IF(OR($E43="",$H43="",$H43="Proposed",$H43="Not Reported"),0,IF(AND($P43="Y",$Q43<>"Y"),0,IF(AND($K43="Point",N($L43)<=0),0,IF(AND(N($L43)<=0,N($N43)<=0,N($R43)+N($S43)<=0),0,1))))) | AA43: =IF(AND($A43="",$B43=""),"",IF($E43="","Site type missing",IF($H43="","STATUS missing",IF($H43="Proposed","STATUS = Proposed",IF($H43="Not Reported","STATUS = Not Reported",IF(AND($P43="Y",$Q43<>"Y"),"UNESCO-MAB Biosphere Reserve",IF(AND($K43="Point",N($L43)<=0),"Point without REP_AREA",IF(AND(N($L43)<=0,N($N43)<=0,N($R43)+N($S43)<=0),"No area information","")))))))) | AB43: =IF(AND($A43="",$B43=""),"",IF($K43="Point",N($L43),IF(N($N43)>0,N($N43),N($L43)))) | AC43: =IF(AND($A43="",$B43=""),"",MIN(AB43,IF(N($J43)=0,0,IF(N($J43)=2,AB43,IF(AND($K43<>"Point",N($O43)>0),N($O43),N($M43)))))) | AD43: =IF(AND($A43="",$B43=""),"",MAX(0,AB43-AC43)) | AE43: =IF(AND($A43="",$B43=""),"",IF(OR($R43<>"",$S43<>""),1,0)) | AF43: =IF(AND($A43="",$B43=""),"",IF(Z43=1,IF(AE43=1,N($R43),AD43),0)) | AG43: =IF(AND($A43="",$B43=""),"",IF(Z43=1,IF(AE43=1,N($S43),AC43),0)) | AH43: =IF(AND($A43="",$B43=""),"",IF(AND(ISNUMBER($I43),N($I43)>0),$I43,0)) | AI43: =IF(AND(NOT(AND($A43="",$B43="")),$K43="Point",N($L43)>0),SQRT(N($L43)/PI()),"") | AJ43: =IF(AND($A43="",$B43=""),"",IFERROR(VLOOKUP($G43,Lists!$D$4:$E$15,2,FALSE),"Not reported")) | AK43: =IF(AND($A43="",$B43=""),"",IF($X43<>"",$X43,IF($T43<>"Y","Not assessed",IF(AND(ISNUMBER($V43),Setup!$B$6-$V43>Setup!$B$26),"Assessment outdated",IF(NOT(ISNUMBER($W43)),"Assessed – no score",IF($W43>=Setup!$B$24,"High",IF($W43>=Setup!$B$25,"Moderate","Low"))))))) | AL43: =IF(AND($A43="",$B43=""),"",IF(Z43=0,"",IF(AND(AE43=1,N($R43)>AD43*1.01+0.001),"Net terrestrial > gross; ","")&IF(AND(AE43=1,N($S43)>AC43*1.01+0.001),"Net marine > gross; ","")&IF(AE43=0,"No net area – gross used, overlaps may be double-counted; ","")&IF(AH43=0,"STATUS_YR missing – imputed in time series; ","")&IF(AND(ISNUMBER($I43),N($I43)>Setup!$B$6),"STATUS_YR after reporting year; ","")&IF(OR($G43="",$G43="Not Reported"),"GOV_TYPE not reported; ","")&IF(AND(N($J43)=1,$K43="Point",N($M43)<=0),"Coastal point without REP_M_AREA – land/sea split unknown; ","")&IF(AND(N($J43)=0,N($S43)>0),"MARINE=0 but net marine >0; ","")&IF(AND(N($J43)=2,N($R43)>0),"MARINE=2 but net terrestrial >0; ","")&IF($K43="Point","Buffered point – coverage approximate; ","")))
A44: 901232 | B44: Réserve Naturelle du Lac de Béni-Bélaïd | C44: Wetland of International Importance (Ramsar Site) | D44: International | E44: PA | F44: Not Reported | G44: Federal or national ministry or agency | H44: Designated | I44: 2003 | J44: 0 | K44: Polygon | L44: 6 | M44: 0 | N44: 13.897 | O44: 0.447 | P44: N | R44: 13.919 | S44: 0.005 | T44: N | Z44: =IF(AND($A44="",$B44=""),"",IF(OR($E44="",$H44="",$H44="Proposed",$H44="Not Reported"),0,IF(AND($P44="Y",$Q44<>"Y"),0,IF(AND($K44="Point",N($L44)<=0),0,IF(AND(N($L44)<=0,N($N44)<=0,N($R44)+N($S44)<=0),0,1))))) | AA44: =IF(AND($A44="",$B44=""),"",IF($E44="","Site type missing",IF($H44="","STATUS missing",IF($H44="Proposed","STATUS = Proposed",IF($H44="Not Reported","STATUS = Not Reported",IF(AND($P44="Y",$Q44<>"Y"),"UNESCO-MAB Biosphere Reserve",IF(AND($K44="Point",N($L44)<=0),"Point without REP_AREA",IF(AND(N($L44)<=0,N($N44)<=0,N($R44)+N($S44)<=0),"No area information","")))))))) | AB44: =IF(AND($A44="",$B44=""),"",IF($K44="Point",N($L44),IF(N($N44)>0,N($N44),N($L44)))) | AC44: =IF(AND($A44="",$B44=""),"",MIN(AB44,IF(N($J44)=0,0,IF(N($J44)=2,AB44,IF(AND($K44<>"Point",N($O44)>0),N($O44),N($M44)))))) | AD44: =IF(AND($A44="",$B44=""),"",MAX(0,AB44-AC44)) | AE44: =IF(AND($A44="",$B44=""),"",IF(OR($R44<>"",$S44<>""),1,0)) | AF44: =IF(AND($A44="",$B44=""),"",IF(Z44=1,IF(AE44=1,N($R44),AD44),0)) | AG44: =IF(AND($A44="",$B44=""),"",IF(Z44=1,IF(AE44=1,N($S44),AC44),0)) | AH44: =IF(AND($A44="",$B44=""),"",IF(AND(ISNUMBER($I44),N($I44)>0),$I44,0)) | AI44: =IF(AND(NOT(AND($A44="",$B44="")),$K44="Point",N($L44)>0),SQRT(N($L44)/PI()),"") | AJ44: =IF(AND($A44="",$B44=""),"",IFERROR(VLOOKUP($G44,Lists!$D$4:$E$15,2,FALSE),"Not reported")) | AK44: =IF(AND($A44="",$B44=""),"",IF($X44<>"",$X44,IF($T44<>"Y","Not assessed",IF(AND(ISNUMBER($V44),Setup!$B$6-$V44>Setup!$B$26),"Assessment outdated",IF(NOT(ISNUMBER($W44)),"Assessed – no score",IF($W44>=Setup!$B$24,"High",IF($W44>=Setup!$B$25,"Moderate","Low"))))))) | AL44: =IF(AND($A44="",$B44=""),"",IF(Z44=0,"",IF(AND(AE44=1,N($R44)>AD44*1.01+0.001),"Net terrestrial > gross; ","")&IF(AND(AE44=1,N($S44)>AC44*1.01+0.001),"Net marine > gross; ","")&IF(AE44=0,"No net area – gross used, overlaps may be double-counted; ","")&IF(AH44=0,"STATUS_YR missing – imputed in time series; ","")&IF(AND(ISNUMBER($I44),N($I44)>Setup!$B$6),"STATUS_YR after reporting year; ","")&IF(OR($G44="",$G44="Not Reported"),"GOV_TYPE not reported; ","")&IF(AND(N($J44)=1,$K44="Point",N($M44)<=0),"Coastal point without REP_M_AREA – land/sea split unknown; ","")&IF(AND(N($J44)=0,N($S44)>0),"MARINE=0 but net marine >0; ","")&IF(AND(N($J44)=2,N($R44)>0),"MARINE=2 but net terrestrial >0; ","")&IF($K44="Point","Buffered point – coverage approximate; ","")))
A45: 901233 | B45: Réserve Naturelle du Lac de Réghaïa | C45: Wetland of International Importance (Ramsar Site) | D45: International | E45: PA | F45: Not Reported | G45: Federal or national ministry or agency | H45: Designated | I45: 2003 | J45: 0 | K45: Polygon | L45: 8.42 | M45: 0 | N45: 2.636 | O45: 0.033 | P45: N | R45: 2.63 | S45: 0.011 | T45: N | Z45: =IF(AND($A45="",$B45=""),"",IF(OR($E45="",$H45="",$H45="Proposed",$H45="Not Reported"),0,IF(AND($P45="Y",$Q45<>"Y"),0,IF(AND($K45="Point",N($L45)<=0),0,IF(AND(N($L45)<=0,N($N45)<=0,N($R45)+N($S45)<=0),0,1))))) | AA45: =IF(AND($A45="",$B45=""),"",IF($E45="","Site type missing",IF($H45="","STATUS missing",IF($H45="Proposed","STATUS = Proposed",IF($H45="Not Reported","STATUS = Not Reported",IF(AND($P45="Y",$Q45<>"Y"),"UNESCO-MAB Biosphere Reserve",IF(AND($K45="Point",N($L45)<=0),"Point without REP_AREA",IF(AND(N($L45)<=0,N($N45)<=0,N($R45)+N($S45)<=0),"No area information","")))))))) | AB45: =IF(AND($A45="",$B45=""),"",IF($K45="Point",N($L45),IF(N($N45)>0,N($N45),N($L45)))) | AC45: =IF(AND($A45="",$B45=""),"",MIN(AB45,IF(N($J45)=0,0,IF(N($J45)=2,AB45,IF(AND($K45<>"Point",N($O45)>0),N($O45),N($M45)))))) | AD45: =IF(AND($A45="",$B45=""),"",MAX(0,AB45-AC45)) | AE45: =IF(AND($A45="",$B45=""),"",IF(OR($R45<>"",$S45<>""),1,0)) | AF45: =IF(AND($A45="",$B45=""),"",IF(Z45=1,IF(AE45=1,N($R45),AD45),0)) | AG45: =IF(AND($A45="",$B45=""),"",IF(Z45=1,IF(AE45=1,N($S45),AC45),0)) | AH45: =IF(AND($A45="",$B45=""),"",IF(AND(ISNUMBER($I45),N($I45)>0),$I45,0)) | AI45: =IF(AND(NOT(AND($A45="",$B45="")),$K45="Point",N($L45)>0),SQRT(N($L45)/PI()),"") | AJ45: =IF(AND($A45="",$B45=""),"",IFERROR(VLOOKUP($G45,Lists!$D$4:$E$15,2,FALSE),"Not reported")) | AK45: =IF(AND($A45="",$B45=""),"",IF($X45<>"",$X45,IF($T45<>"Y","Not assessed",IF(AND(ISNUMBER($V45),Setup!$B$6-$V45>Setup!$B$26),"Assessment outdated",IF(NOT(ISNUMBER($W45)),"Assessed – no score",IF($W45>=Setup!$B$24,"High",IF($W45>=Setup!$B$25,"Moderate","Low"))))))) | AL45: =IF(AND($A45="",$B45=""),"",IF(Z45=0,"",IF(AND(AE45=1,N($R45)>AD45*1.01+0.001),"Net terrestrial > gross; ","")&IF(AND(AE45=1,N($S45)>AC45*1.01+0.001),"Net marine > gross; ","")&IF(AE45=0,"No net area – gross used, overlaps may be double-counted; ","")&IF(AH45=0,"STATUS_YR missing – imputed in time series; ","")&IF(AND(ISNUMBER($I45),N($I45)>Setup!$B$6),"STATUS_YR after reporting year; ","")&IF(OR($G45="",$G45="Not Reported"),"GOV_TYPE not reported; ","")&IF(AND(N($J45)=1,$K45="Point",N($M45)<=0),"Coastal point without REP_M_AREA – land/sea split unknown; ","")&IF(AND(N($J45)=0,N($S45)>0),"MARINE=0 but net marine >0; ","")&IF(AND(N($J45)=2,N($R45)>0),"MARINE=2 but net terrestrial >0; ","")&IF($K45="Point","Buffered point – coverage approximate; ","")))
A46: 901234 | B46: Tourbière du Lac Noir | C46: Wetland of International Importance (Ramsar Site) | D46: International | E46: PA | F46: Not Reported | G46: Federal or national ministry or agency | H46: Designated | I46: 2003 | J46: 0 | K46: Polygon | L46: 0.05 | M46: 0 | N46: 0.097 | O46: 0 | P46: N | R46: 0 | S46: 0 | T46: N | Y46: Overlap attributed to earlier site | Z46: =IF(AND($A46="",$B46=""),"",IF(OR($E46="",$H46="",$H46="Proposed",$H46="Not Reported"),0,IF(AND($P46="Y",$Q46<>"Y"),0,IF(AND($K46="Point",N($L46)<=0),0,IF(AND(N($L46)<=0,N($N46)<=0,N($R46)+N($S46)<=0),0,1))))) | AA46: =IF(AND($A46="",$B46=""),"",IF($E46="","Site type missing",IF($H46="","STATUS missing",IF($H46="Proposed","STATUS = Proposed",IF($H46="Not Reported","STATUS = Not Reported",IF(AND($P46="Y",$Q46<>"Y"),"UNESCO-MAB Biosphere Reserve",IF(AND($K46="Point",N($L46)<=0),"Point without REP_AREA",IF(AND(N($L46)<=0,N($N46)<=0,N($R46)+N($S46)<=0),"No area information","")))))))) | AB46: =IF(AND($A46="",$B46=""),"",IF($K46="Point",N($L46),IF(N($N46)>0,N($N46),N($L46)))) | AC46: =IF(AND($A46="",$B46=""),"",MIN(AB46,IF(N($J46)=0,0,IF(N($J46)=2,AB46,IF(AND($K46<>"Point",N($O46)>0),N($O46),N($M46)))))) | AD46: =IF(AND($A46="",$B46=""),"",MAX(0,AB46-AC46)) | AE46: =IF(AND($A46="",$B46=""),"",IF(OR($R46<>"",$S46<>""),1,0)) | AF46: =IF(AND($A46="",$B46=""),"",IF(Z46=1,IF(AE46=1,N($R46),AD46),0)) | AG46: =IF(AND($A46="",$B46=""),"",IF(Z46=1,IF(AE46=1,N($S46),AC46),0)) | AH46: =IF(AND($A46="",$B46=""),"",IF(AND(ISNUMBER($I46),N($I46)>0),$I46,0)) | AI46: =IF(AND(NOT(AND($A46="",$B46="")),$K46="Point",N($L46)>0),SQRT(N($L46)/PI()),"") | AJ46: =IF(AND($A46="",$B46=""),"",IFERROR(VLOOKUP($G46,Lists!$D$4:$E$15,2,FALSE),"Not reported")) | AK46: =IF(AND($A46="",$B46=""),"",IF($X46<>"",$X46,IF($T46<>"Y","Not assessed",IF(AND(ISNUMBER($V46),Setup!$B$6-$V46>Setup!$B$26),"Assessment outdated",IF(NOT(ISNUMBER($W46)),"Assessed – no score",IF($W46>=Setup!$B$24,"High",IF($W46>=Setup!$B$25,"Moderate","Low"))))))) | AL46: =IF(AND($A46="",$B46=""),"",IF(Z46=0,"",IF(AND(AE46=1,N($R46)>AD46*1.01+0.001),"Net terrestrial > gross; ","")&IF(AND(AE46=1,N($S46)>AC46*1.01+0.001),"Net marine > gross; ","")&IF(AE46=0,"No net area – gross used, overlaps may be double-counted; ","")&IF(AH46=0,"STATUS_YR missing – imputed in time series; ","")&IF(AND(ISNUMBER($I46),N($I46)>Setup!$B$6),"STATUS_YR after reporting year; ","")&IF(OR($G46="",$G46="Not Reported"),"GOV_TYPE not reported; ","")&IF(AND(N($J46)=1,$K46="Point",N($M46)<=0),"Coastal point without REP_M_AREA – land/sea split unknown; ","")&IF(AND(N($J46)=0,N($S46)>0),"MARINE=0 but net marine >0; ","")&IF(AND(N($J46)=2,N($R46)>0),"MARINE=2 but net terrestrial >0; ","")&IF($K46="Point","Buffered point – coverage approximate; ","")))
A47: 902530 | B47: Taza | C47: UNESCO-MAB Biosphere Reserve | D47: International | E47: PA | F47: Not Applicable | G47: Not Reported | H47: Designated | I47: 2004 | J47: 0 | K47: Polygon | L47: 35.73 | M47: 0 | N47: 62.317 | O47: 0.369 | P47: Y | T47: N | Y47: Excluded in GIS: UNESCO-MAB Biosphere Reserve | Z47: =IF(AND($A47="",$B47=""),"",IF(OR($E47="",$H47="",$H47="Proposed",$H47="Not Reported"),0,IF(AND($P47="Y",$Q47<>"Y"),0,IF(AND($K47="Point",N($L47)<=0),0,IF(AND(N($L47)<=0,N($N47)<=0,N($R47)+N($S47)<=0),0,1))))) | AA47: =IF(AND($A47="",$B47=""),"",IF($E47="","Site type missing",IF($H47="","STATUS missing",IF($H47="Proposed","STATUS = Proposed",IF($H47="Not Reported","STATUS = Not Reported",IF(AND($P47="Y",$Q47<>"Y"),"UNESCO-MAB Biosphere Reserve",IF(AND($K47="Point",N($L47)<=0),"Point without REP_AREA",IF(AND(N($L47)<=0,N($N47)<=0,N($R47)+N($S47)<=0),"No area information","")))))))) | AB47: =IF(AND($A47="",$B47=""),"",IF($K47="Point",N($L47),IF(N($N47)>0,N($N47),N($L47)))) | AC47: =IF(AND($A47="",$B47=""),"",MIN(AB47,IF(N($J47)=0,0,IF(N($J47)=2,AB47,IF(AND($K47<>"Point",N($O47)>0),N($O47),N($M47)))))) | AD47: =IF(AND($A47="",$B47=""),"",MAX(0,AB47-AC47)) | AE47: =IF(AND($A47="",$B47=""),"",IF(OR($R47<>"",$S47<>""),1,0)) | AF47: =IF(AND($A47="",$B47=""),"",IF(Z47=1,IF(AE47=1,N($R47),AD47),0)) | AG47: =IF(AND($A47="",$B47=""),"",IF(Z47=1,IF(AE47=1,N($S47),AC47),0)) | AH47: =IF(AND($A47="",$B47=""),"",IF(AND(ISNUMBER($I47),N($I47)>0),$I47,0)) | AI47: =IF(AND(NOT(AND($A47="",$B47="")),$K47="Point",N($L47)>0),SQRT(N($L47)/PI()),"") | AJ47: =IF(AND($A47="",$B47=""),"",IFERROR(VLOOKUP($G47,Lists!$D$4:$E$15,2,FALSE),"Not reported")) | AK47: =IF(AND($A47="",$B47=""),"",IF($X47<>"",$X47,IF($T47<>"Y","Not assessed",IF(AND(ISNUMBER($V47),Setup!$B$6-$V47>Setup!$B$26),"Assessment outdated",IF(NOT(ISNUMBER($W47)),"Assessed – no score",IF($W47>=Setup!$B$24,"High",IF($W47>=Setup!$B$25,"Moderate","Low"))))))) | AL47: =IF(AND($A47="",$B47=""),"",IF(Z47=0,"",IF(AND(AE47=1,N($R47)>AD47*1.01+0.001),"Net terrestrial > gross; ","")&IF(AND(AE47=1,N($S47)>AC47*1.01+0.001),"Net marine > gross; ","")&IF(AE47=0,"No net area – gross used, overlaps may be double-counted; ","")&IF(AH47=0,"STATUS_YR missing – imputed in time series; ","")&IF(AND(ISNUMBER($I47),N($I47)>Setup!$B$6),"STATUS_YR after reporting year; ","")&IF(OR($G47="",$G47="Not Reported"),"GOV_TYPE not reported; ","")&IF(AND(N($J47)=1,$K47="Point",N($M47)<=0),"Coastal point without REP_M_AREA – land/sea split unknown; ","")&IF(AND(N($J47)=0,N($S47)>0),"MARINE=0 but net marine >0; ","")&IF(AND(N($J47)=2,N($R47)>0),"MARINE=2 but net terrestrial >0; ","")&IF($K47="Point","Buffered point – coverage approximate; ","")))
A48: 902531 | B48: Gouraya | C48: UNESCO-MAB Biosphere Reserve | D48: International | E48: PA | F48: Not Applicable | G48: Not Reported | H48: Designated | I48: 2004 | J48: 0 | K48: Polygon | L48: 20.8 | M48: 0 | N48: 21.108 | O48: 0.958 | P48: Y | T48: N | Y48: Excluded in GIS: UNESCO-MAB Biosphere Reserve | Z48: =IF(AND($A48="",$B48=""),"",IF(OR($E48="",$H48="",$H48="Proposed",$H48="Not Reported"),0,IF(AND($P48="Y",$Q48<>"Y"),0,IF(AND($K48="Point",N($L48)<=0),0,IF(AND(N($L48)<=0,N($N48)<=0,N($R48)+N($S48)<=0),0,1))))) | AA48: =IF(AND($A48="",$B48=""),"",IF($E48="","Site type missing",IF($H48="","STATUS missing",IF($H48="Proposed","STATUS = Proposed",IF($H48="Not Reported","STATUS = Not Reported",IF(AND($P48="Y",$Q48<>"Y"),"UNESCO-MAB Biosphere Reserve",IF(AND($K48="Point",N($L48)<=0),"Point without REP_AREA",IF(AND(N($L48)<=0,N($N48)<=0,N($R48)+N($S48)<=0),"No area information","")))))))) | AB48: =IF(AND($A48="",$B48=""),"",IF($K48="Point",N($L48),IF(N($N48)>0,N($N48),N($L48)))) | AC48: =IF(AND($A48="",$B48=""),"",MIN(AB48,IF(N($J48)=0,0,IF(N($J48)=2,AB48,IF(AND($K48<>"Point",N($O48)>0),N($O48),N($M48)))))) | AD48: =IF(AND($A48="",$B48=""),"",MAX(0,AB48-AC48)) | AE48: =IF(AND($A48="",$B48=""),"",IF(OR($R48<>"",$S48<>""),1,0)) | AF48: =IF(AND($A48="",$B48=""),"",IF(Z48=1,IF(AE48=1,N($R48),AD48),0)) | AG48: =IF(AND($A48="",$B48=""),"",IF(Z48=1,IF(AE48=1,N($S48),AC48),0)) | AH48: =IF(AND($A48="",$B48=""),"",IF(AND(ISNUMBER($I48),N($I48)>0),$I48,0)) | AI48: =IF(AND(NOT(AND($A48="",$B48="")),$K48="Point",N($L48)>0),SQRT(N($L48)/PI()),"") | AJ48: =IF(AND($A48="",$B48=""),"",IFERROR(VLOOKUP($G48,Lists!$D$4:$E$15,2,FALSE),"Not reported")) | AK48: =IF(AND($A48="",$B48=""),"",IF($X48<>"",$X48,IF($T48<>"Y","Not assessed",IF(AND(ISNUMBER($V48),Setup!$B$6-$V48>Setup!$B$26),"Assessment outdated",IF(NOT(ISNUMBER($W48)),"Assessed – no score",IF($W48>=Setup!$B$24,"High",IF($W48>=Setup!$B$25,"Moderate","Low"))))))) | AL48: =IF(AND($A48="",$B48=""),"",IF(Z48=0,"",IF(AND(AE48=1,N($R48)>AD48*1.01+0.001),"Net terrestrial > gross; ","")&IF(AND(AE48=1,N($S48)>AC48*1.01+0.001),"Net marine > gross; ","")&IF(AE48=0,"No net area – gross used, overlaps may be double-counted; ","")&IF(AH48=0,"STATUS_YR missing – imputed in time series; ","")&IF(AND(ISNUMBER($I48),N($I48)>Setup!$B$6),"STATUS_YR after reporting year; ","")&IF(OR($G48="",$G48="Not Reported"),"GOV_TYPE not reported; ","")&IF(AND(N($J48)=1,$K48="Point",N($M48)<=0),"Coastal point without REP_M_AREA – land/sea split unknown; ","")&IF(AND(N($J48)=0,N($S48)>0),"MARINE=0 but net marine >0; ","")&IF(AND(N($J48)=2,N($R48)>0),"MARINE=2 but net terrestrial >0; ","")&IF($K48="Point","Buffered point – coverage approximate; ","")))
A49: 902839 | B49: Chott Aïn El Beïda | C49: Wetland of International Importance (Ramsar Site) | D49: International | E49: PA | F49: Not Reported | G49: Federal or national ministry or agency | H49: Designated | I49: 2004 | J49: 0 | K49: Polygon | L49: 68.53 | M49: 0 | N49: 71.603 | O49: 0 | P49: N | R49: 71.815 | S49: 0 | T49: N | Z49: =IF(AND($A49="",$B49=""),"",IF(OR($E49="",$H49="",$H49="Proposed",$H49="Not Reported"),0,IF(AND($P49="Y",$Q49<>"Y"),0,IF(AND($K49="Point",N($L49)<=0),0,IF(AND(N($L49)<=0,N($N49)<=0,N($R49)+N($S49)<=0),0,1))))) | AA49: =IF(AND($A49="",$B49=""),"",IF($E49="","Site type missing",IF($H49="","STATUS missing",IF($H49="Proposed","STATUS = Proposed",IF($H49="Not Reported","STATUS = Not Reported",IF(AND($P49="Y",$Q49<>"Y"),"UNESCO-MAB Biosphere Reserve",IF(AND($K49="Point",N($L49)<=0),"Point without REP_AREA",IF(AND(N($L49)<=0,N($N49)<=0,N($R49)+N($S49)<=0),"No area information","")))))))) | AB49: =IF(AND($A49="",$B49=""),"",IF($K49="Point",N($L49),IF(N($N49)>0,N($N49),N($L49)))) | AC49: =IF(AND($A49="",$B49=""),"",MIN(AB49,IF(N($J49)=0,0,IF(N($J49)=2,AB49,IF(AND($K49<>"Point",N($O49)>0),N($O49),N($M49)))))) | AD49: =IF(AND($A49="",$B49=""),"",MAX(0,AB49-AC49)) | AE49: =IF(AND($A49="",$B49=""),"",IF(OR($R49<>"",$S49<>""),1,0)) | AF49: =IF(AND($A49="",$B49=""),"",IF(Z49=1,IF(AE49=1,N($R49),AD49),0)) | AG49: =IF(AND($A49="",$B49=""),"",IF(Z49=1,IF(AE49=1,N($S49),AC49),0)) | AH49: =IF(AND($A49="",$B49=""),"",IF(AND(ISNUMBER($I49),N($I49)>0),$I49,0)) | AI49: =IF(AND(NOT(AND($A49="",$B49="")),$K49="Point",N($L49)>0),SQRT(N($L49)/PI()),"") | AJ49: =IF(AND($A49="",$B49=""),"",IFERROR(VLOOKUP($G49,Lists!$D$4:$E$15,2,FALSE),"Not reported")) | AK49: =IF(AND($A49="",$B49=""),"",IF($X49<>"",$X49,IF($T49<>"Y","Not assessed",IF(AND(ISNUMBER($V49),Setup!$B$6-$V49>Setup!$B$26),"Assessment outdated",IF(NOT(ISNUMBER($W49)),"Assessed – no score",IF($W49>=Setup!$B$24,"High",IF($W49>=Setup!$B$25,"Moderate","Low"))))))) | AL49: =IF(AND($A49="",$B49=""),"",IF(Z49=0,"",IF(AND(AE49=1,N($R49)>AD49*1.01+0.001),"Net terrestrial > gross; ","")&IF(AND(AE49=1,N($S49)>AC49*1.01+0.001),"Net marine > gross; ","")&IF(AE49=0,"No net area – gross used, overlaps may be double-counted; ","")&IF(AH49=0,"STATUS_YR missing – imputed in time series; ","")&IF(AND(ISNUMBER($I49),N($I49)>Setup!$B$6),"STATUS_YR after reporting year; ","")&IF(OR($G49="",$G49="Not Reported"),"GOV_TYPE not reported; ","")&IF(AND(N($J49)=1,$K49="Point",N($M49)<=0),"Coastal point without REP_M_AREA – land/sea split unknown; ","")&IF(AND(N($J49)=0,N($S49)>0),"MARINE=0 but net marine >0; ","")&IF(AND(N($J49)=2,N($R49)>0),"MARINE=2 but net terrestrial >0; ","")&IF($K49="Point","Buffered point – coverage approximate; ","")))
A50: 902840 | B50: Chott El Beïdha-Hammam Essoukhna | C50: Wetland of International Importance (Ramsar Site) | D50: International | E50: PA | F50: Not Reported | G50: Federal or national ministry or agency | H50: Designated | I50: 2004 | J50: 0 | K50: Polygon | L50: 122.23 | M50: 0 | N50: 122.133 | O50: 0 | P50: N | R50: 122.39 | S50: 0 | T50: N | Z50: =IF(AND($A50="",$B50=""),"",IF(OR($E50="",$H50="",$H50="Proposed",$H50="Not Reported"),0,IF(AND($P50="Y",$Q50<>"Y"),0,IF(AND($K50="Point",N($L50)<=0),0,IF(AND(N($L50)<=0,N($N50)<=0,N($R50)+N($S50)<=0),0,1))))) | AA50: =IF(AND($A50="",$B50=""),"",IF($E50="","Site type missing",IF($H50="","STATUS missing",IF($H50="Proposed","STATUS = Proposed",IF($H50="Not Reported","STATUS = Not Reported",IF(AND($P50="Y",$Q50<>"Y"),"UNESCO-MAB Biosphere Reserve",IF(AND($K50="Point",N($L50)<=0),"Point without REP_AREA",IF(AND(N($L50)<=0,N($N50)<=0,N($R50)+N($S50)<=0),"No area information","")))))))) | AB50: =IF(AND($A50="",$B50=""),"",IF($K50="Point",N($L50),IF(N($N50)>0,N($N50),N($L50)))) | AC50: =IF(AND($A50="",$B50=""),"",MIN(AB50,IF(N($J50)=0,0,IF(N($J50)=2,AB50,IF(AND($K50<>"Point",N($O50)>0),N($O50),N($M50)))))) | AD50: =IF(AND($A50="",$B50=""),"",MAX(0,AB50-AC50)) | AE50: =IF(AND($A50="",$B50=""),"",IF(OR($R50<>"",$S50<>""),1,0)) | AF50: =IF(AND($A50="",$B50=""),"",IF(Z50=1,IF(AE50=1,N($R50),AD50),0)) | AG50: =IF(AND($A50="",$B50=""),"",IF(Z50=1,IF(AE50=1,N($S50),AC50),0)) | AH50: =IF(AND($A50="",$B50=""),"",IF(AND(ISNUMBER($I50),N($I50)>0),$I50,0)) | AI50: =IF(AND(NOT(AND($A50="",$B50="")),$K50="Point",N($L50)>0),SQRT(N($L50)/PI()),"") | AJ50: =IF(AND($A50="",$B50=""),"",IFERROR(VLOOKUP($G50,Lists!$D$4:$E$15,2,FALSE),"Not reported")) | AK50: =IF(AND($A50="",$B50=""),"",IF($X50<>"",$X50,IF($T50<>"Y","Not assessed",IF(AND(ISNUMBER($V50),Setup!$B$6-$V50>Setup!$B$26),"Assessment outdated",IF(NOT(ISNUMBER($W50)),"Assessed – no score",IF($W50>=Setup!$B$24,"High",IF($W50>=Setup!$B$25,"Moderate","Low"))))))) | AL50: =IF(AND($A50="",$B50=""),"",IF(Z50=0,"",IF(AND(AE50=1,N($R50)>AD50*1.01+0.001),"Net terrestrial > gross; ","")&IF(AND(AE50=1,N($S50)>AC50*1.01+0.001),"Net marine > gross; ","")&IF(AE50=0,"No net area – gross used, overlaps may be double-counted; ","")&IF(AH50=0,"STATUS_YR missing – imputed in time series; ","")&IF(AND(ISNUMBER($I50),N($I50)>Setup!$B$6),"STATUS_YR after reporting year; ","")&IF(OR($G50="",$G50="Not Reported"),"GOV_TYPE not reported; ","")&IF(AND(N($J50)=1,$K50="Point",N($M50)<=0),"Coastal point without REP_M_AREA – land/sea split unknown; ","")&IF(AND(N($J50)=0,N($S50)>0),"MARINE=0 but net marine >0; ","")&IF(AND(N($J50)=2,N($R50)>0),"MARINE=2 but net terrestrial >0; ","")&IF($K50="Point","Buffered point – coverage approximate; ","")))
A51: 902841 | B51: Chott Oum El Raneb | C51: Wetland of International Importance (Ramsar Site) | D51: International | E51: PA | F51: Not Reported | G51: Federal or national ministry or agency | H51: Designated | I51: 2004 | J51: 0 | K51: Polygon | L51: 71.55 | M51: 0 | N51: 71.521 | O51: 0 | P51: N | R51: 71.732 | S51: 0 | T51: N | Z51: =IF(AND($A51="",$B51=""),"",IF(OR($E51="",$H51="",$H51="Proposed",$H51="Not Reported"),0,IF(AND($P51="Y",$Q51<>"Y"),0,IF(AND($K51="Point",N($L51)<=0),0,IF(AND(N($L51)<=0,N($N51)<=0,N($R51)+N($S51)<=0),0,1))))) | AA51: =IF(AND($A51="",$B51=""),"",IF($E51="","Site type missing",IF($H51="","STATUS missing",IF($H51="Proposed","STATUS = Proposed",IF($H51="Not Reported","STATUS = Not Reported",IF(AND($P51="Y",$Q51<>"Y"),"UNESCO-MAB Biosphere Reserve",IF(AND($K51="Point",N($L51)<=0),"Point without REP_AREA",IF(AND(N($L51)<=0,N($N51)<=0,N($R51)+N($S51)<=0),"No area information","")))))))) | AB51: =IF(AND($A51="",$B51=""),"",IF($K51="Point",N($L51),IF(N($N51)>0,N($N51),N($L51)))) | AC51: =IF(AND($A51="",$B51=""),"",MIN(AB51,IF(N($J51)=0,0,IF(N($J51)=2,AB51,IF(AND($K51<>"Point",N($O51)>0),N($O51),N($M51)))))) | AD51: =IF(AND($A51="",$B51=""),"",MAX(0,AB51-AC51)) | AE51: =IF(AND($A51="",$B51=""),"",IF(OR($R51<>"",$S51<>""),1,0)) | AF51: =IF(AND($A51="",$B51=""),"",IF(Z51=1,IF(AE51=1,N($R51),AD51),0)) | AG51: =IF(AND($A51="",$B51=""),"",IF(Z51=1,IF(AE51=1,N($S51),AC51),0)) | AH51: =IF(AND($A51="",$B51=""),"",IF(AND(ISNUMBER($I51),N($I51)>0),$I51,0)) | AI51: =IF(AND(NOT(AND($A51="",$B51="")),$K51="Point",N($L51)>0),SQRT(N($L51)/PI()),"") | AJ51: =IF(AND($A51="",$B51=""),"",IFERROR(VLOOKUP($G51,Lists!$D$4:$E$15,2,FALSE),"Not reported")) | AK51: =IF(AND($A51="",$B51=""),"",IF($X51<>"",$X51,IF($T51<>"Y","Not assessed",IF(AND(ISNUMBER($V51),Setup!$B$6-$V51>Setup!$B$26),"Assessment outdated",IF(NOT(ISNUMBER($W51)),"Assessed – no score",IF($W51>=Setup!$B$24,"High",IF($W51>=Setup!$B$25,"Moderate","Low"))))))) | AL51: =IF(AND($A51="",$B51=""),"",IF(Z51=0,"",IF(AND(AE51=1,N($R51)>AD51*1.01+0.001),"Net terrestrial > gross; ","")&IF(AND(AE51=1,N($S51)>AC51*1.01+0.001),"Net marine > gross; ","")&IF(AE51=0,"No net area – gross used, overlaps may be double-counted; ","")&IF(AH51=0,"STATUS_YR missing – imputed in time series; ","")&IF(AND(ISNUMBER($I51),N($I51)>Setup!$B$6),"STATUS_YR after reporting year; ","")&IF(OR($G51="",$G51="Not Reported"),"GOV_TYPE not reported; ","")&IF(AND(N($J51)=1,$K51="Point",N($M51)<=0),"Coastal point without REP_M_AREA – land/sea split unknown; ","")&IF(AND(N($J51)=0,N($S51)>0),"MARINE=0 but net marine >0; ","")&IF(AND(N($J51)=2,N($R51)>0),"MARINE=2 but net terrestrial >0; ","")&IF($K51="Point","Buffered point – coverage approximate; ","")))
A52: 902842 | B52: Chott Sidi Slimane | C52: Wetland of International Importance (Ramsar Site) | D52: International | E52: PA | F52: Not Reported | G52: Federal or national ministry or agency | H52: Designated | I52: 2004 | J52: 0 | K52: Polygon | L52: 6.16 | M52: 0 | N52: 8.847 | O52: 0 | P52: N | R52: 8.871 | S52: 0 | T52: N | Z52: =IF(AND($A52="",$B52=""),"",IF(OR($E52="",$H52="",$H52="Proposed",$H52="Not Reported"),0,IF(AND($P52="Y",$Q52<>"Y"),0,IF(AND($K52="Point",N($L52)<=0),0,IF(AND(N($L52)<=0,N($N52)<=0,N($R52)+N($S52)<=0),0,1))))) | AA52: =IF(AND($A52="",$B52=""),"",IF($E52="","Site type missing",IF($H52="","STATUS missing",IF($H52="Proposed","STATUS = Proposed",IF($H52="Not Reported","STATUS = Not Reported",IF(AND($P52="Y",$Q52<>"Y"),"UNESCO-MAB Biosphere Reserve",IF(AND($K52="Point",N($L52)<=0),"Point without REP_AREA",IF(AND(N($L52)<=0,N($N52)<=0,N($R52)+N($S52)<=0),"No area information","")))))))) | AB52: =IF(AND($A52="",$B52=""),"",IF($K52="Point",N($L52),IF(N($N52)>0,N($N52),N($L52)))) | AC52: =IF(AND($A52="",$B52=""),"",MIN(AB52,IF(N($J52)=0,0,IF(N($J52)=2,AB52,IF(AND($K52<>"Point",N($O52)>0),N($O52),N($M52)))))) | AD52: =IF(AND($A52="",$B52=""),"",MAX(0,AB52-AC52)) | AE52: =IF(AND($A52="",$B52=""),"",IF(OR($R52<>"",$S52<>""),1,0)) | AF52: =IF(AND($A52="",$B52=""),"",IF(Z52=1,IF(AE52=1,N($R52),AD52),0)) | AG52: =IF(AND($A52="",$B52=""),"",IF(Z52=1,IF(AE52=1,N($S52),AC52),0)) | AH52: =IF(AND($A52="",$B52=""),"",IF(AND(ISNUMBER($I52),N($I52)>0),$I52,0)) | AI52: =IF(AND(NOT(AND($A52="",$B52="")),$K52="Point",N($L52)>0),SQRT(N($L52)/PI()),"") | AJ52: =IF(AND($A52="",$B52=""),"",IFERROR(VLOOKUP($G52,Lists!$D$4:$E$15,2,FALSE),"Not reported")) | AK52: =IF(AND($A52="",$B52=""),"",IF($X52<>"",$X52,IF($T52<>"Y","Not assessed",IF(AND(ISNUMBER($V52),Setup!$B$6-$V52>Setup!$B$26),"Assessment outdated",IF(NOT(ISNUMBER($W52)),"Assessed – no score",IF($W52>=Setup!$B$24,"High",IF($W52>=Setup!$B$25,"Moderate","Low"))))))) | AL52: =IF(AND($A52="",$B52=""),"",IF(Z52=0,"",IF(AND(AE52=1,N($R52)>AD52*1.01+0.001),"Net terrestrial > gross; ","")&IF(AND(AE52=1,N($S52)>AC52*1.01+0.001),"Net marine > gross; ","")&IF(AE52=0,"No net area – gross used, overlaps may be double-counted; ","")&IF(AH52=0,"STATUS_YR missing – imputed in time series; ","")&IF(AND(ISNUMBER($I52),N($I52)>Setup!$B$6),"STATUS_YR after reporting year; ","")&IF(OR($G52="",$G52="Not Reported"),"GOV_TYPE not reported; ","")&IF(AND(N($J52)=1,$K52="Point",N($M52)<=0),"Coastal point without REP_M_AREA – land/sea split unknown; ","")&IF(AND(N($J52)=0,N($S52)>0),"MARINE=0 but net marine >0; ","")&IF(AND(N($J52)=2,N($R52)>0),"MARINE=2 but net terrestrial >0; ","")&IF($K52="Point","Buffered point – coverage approximate; ","")))
A53: 902843 | B53: Chott Tinsilt | C53: Wetland of International Importance (Ramsar Site) | D53: International | E53: PA | F53: Not Reported | G53: Federal or national ministry or agency | H53: Designated | I53: 2004 | J53: 0 | K53: Polygon | L53: 21.54 | M53: 0 | N53: 22.02 | O53: 0 | P53: N | R53: 22.067 | S53: 0 | T53: N | Z53: =IF(AND($A53="",$B53=""),"",IF(OR($E53="",$H53="",$H53="Proposed",$H53="Not Reported"),0,IF(AND($P53="Y",$Q53<>"Y"),0,IF(AND($K53="Point",N($L53)<=0),0,IF(AND(N($L53)<=0,N($N53)<=0,N($R53)+N($S53)<=0),0,1))))) | AA53: =IF(AND($A53="",$B53=""),"",IF($E53="","Site type missing",IF($H53="","STATUS missing",IF($H53="Proposed","STATUS = Proposed",IF($H53="Not Reported","STATUS = Not Reported",IF(AND($P53="Y",$Q53<>"Y"),"UNESCO-MAB Biosphere Reserve",IF(AND($K53="Point",N($L53)<=0),"Point without REP_AREA",IF(AND(N($L53)<=0,N($N53)<=0,N($R53)+N($S53)<=0),"No area information","")))))))) | AB53: =IF(AND($A53="",$B53=""),"",IF($K53="Point",N($L53),IF(N($N53)>0,N($N53),N($L53)))) | AC53: =IF(AND($A53="",$B53=""),"",MIN(AB53,IF(N($J53)=0,0,IF(N($J53)=2,AB53,IF(AND($K53<>"Point",N($O53)>0),N($O53),N($M53)))))) | AD53: =IF(AND($A53="",$B53=""),"",MAX(0,AB53-AC53)) | AE53: =IF(AND($A53="",$B53=""),"",IF(OR($R53<>"",$S53<>""),1,0)) | AF53: =IF(AND($A53="",$B53=""),"",IF(Z53=1,IF(AE53=1,N($R53),AD53),0)) | AG53: =IF(AND($A53="",$B53=""),"",IF(Z53=1,IF(AE53=1,N($S53),AC53),0)) | AH53: =IF(AND($A53="",$B53=""),"",IF(AND(ISNUMBER($I53),N($I53)>0),$I53,0)) | AI53: =IF(AND(NOT(AND($A53="",$B53="")),$K53="Point",N($L53)>0),SQRT(N($L53)/PI()),"") | AJ53: =IF(AND($A53="",$B53=""),"",IFERROR(VLOOKUP($G53,Lists!$D$4:$E$15,2,FALSE),"Not reported")) | AK53: =IF(AND($A53="",$B53=""),"",IF($X53<>"",$X53,IF($T53<>"Y","Not assessed",IF(AND(ISNUMBER($V53),Setup!$B$6-$V53>Setup!$B$26),"Assessment outdated",IF(NOT(ISNUMBER($W53)),"Assessed – no score",IF($W53>=Setup!$B$24,"High",IF($W53>=Setup!$B$25,"Moderate","Low"))))))) | AL53: =IF(AND($A53="",$B53=""),"",IF(Z53=0,"",IF(AND(AE53=1,N($R53)>AD53*1.01+0.001),"Net terrestrial > gross; ","")&IF(AND(AE53=1,N($S53)>AC53*1.01+0.001),"Net marine > gross; ","")&IF(AE53=0,"No net area – gross used, overlaps may be double-counted; ","")&IF(AH53=0,"STATUS_YR missing – imputed in time series; ","")&IF(AND(ISNUMBER($I53),N($I53)>Setup!$B$6),"STATUS_YR after reporting year; ","")&IF(OR($G53="",$G53="Not Reported"),"GOV_TYPE not reported; ","")&IF(AND(N($J53)=1,$K53="Point",N($M53)<=0),"Coastal point without REP_M_AREA – land/sea split unknown; ","")&IF(AND(N($J53)=0,N($S53)>0),"MARINE=0 but net marine >0; ","")&IF(AND(N($J53)=2,N($R53)>0),"MARINE=2 but net terrestrial >0; ","")&IF($K53="Point","Buffered point – coverage approximate; ","")))
A54: 902844 | B54: Dayet El Ferd | C54: Wetland of International Importance (Ramsar Site) | D54: International | E54: PA | F54: Not Reported | G54: Federal or national ministry or agency | H54: Designated | I54: 2004 | J54: 0 | K54: Polygon | L54: 33.23 | M54: 0 | N54: 24.726 | O54: 0 | P54: N | R54: 24.785 | S54: 0 | T54: N | Z54: =IF(AND($A54="",$B54=""),"",IF(OR($E54="",$H54="",$H54="Proposed",$H54="Not Reported"),0,IF(AND($P54="Y",$Q54<>"Y"),0,IF(AND($K54="Point",N($L54)<=0),0,IF(AND(N($L54)<=0,N($N54)<=0,N($R54)+N($S54)<=0),0,1))))) | AA54: =IF(AND($A54="",$B54=""),"",IF($E54="","Site type missing",IF($H54="","STATUS missing",IF($H54="Proposed","STATUS = Proposed",IF($H54="Not Reported","STATUS = Not Reported",IF(AND($P54="Y",$Q54<>"Y"),"UNESCO-MAB Biosphere Reserve",IF(AND($K54="Point",N($L54)<=0),"Point without REP_AREA",IF(AND(N($L54)<=0,N($N54)<=0,N($R54)+N($S54)<=0),"No area information","")))))))) | AB54: =IF(AND($A54="",$B54=""),"",IF($K54="Point",N($L54),IF(N($N54)>0,N($N54),N($L54)))) | AC54: =IF(AND($A54="",$B54=""),"",MIN(AB54,IF(N($J54)=0,0,IF(N($J54)=2,AB54,IF(AND($K54<>"Point",N($O54)>0),N($O54),N($M54)))))) | AD54: =IF(AND($A54="",$B54=""),"",MAX(0,AB54-AC54)) | AE54: =IF(AND($A54="",$B54=""),"",IF(OR($R54<>"",$S54<>""),1,0)) | AF54: =IF(AND($A54="",$B54=""),"",IF(Z54=1,IF(AE54=1,N($R54),AD54),0)) | AG54: =IF(AND($A54="",$B54=""),"",IF(Z54=1,IF(AE54=1,N($S54),AC54),0)) | AH54: =IF(AND($A54="",$B54=""),"",IF(AND(ISNUMBER($I54),N($I54)>0),$I54,0)) | AI54: =IF(AND(NOT(AND($A54="",$B54="")),$K54="Point",N($L54)>0),SQRT(N($L54)/PI()),"") | AJ54: =IF(AND($A54="",$B54=""),"",IFERROR(VLOOKUP($G54,Lists!$D$4:$E$15,2,FALSE),"Not reported")) | AK54: =IF(AND($A54="",$B54=""),"",IF($X54<>"",$X54,IF($T54<>"Y","Not assessed",IF(AND(ISNUMBER($V54),Setup!$B$6-$V54>Setup!$B$26),"Assessment outdated",IF(NOT(ISNUMBER($W54)),"Assessed – no score",IF($W54>=Setup!$B$24,"High",IF($W54>=Setup!$B$25,"Moderate","Low"))))))) | AL54: =IF(AND($A54="",$B54=""),"",IF(Z54=0,"",IF(AND(AE54=1,N($R54)>AD54*1.01+0.001),"Net terrestrial > gross; ","")&IF(AND(AE54=1,N($S54)>AC54*1.01+0.001),"Net marine > gross; ","")&IF(AE54=0,"No net area – gross used, overlaps may be double-counted; ","")&IF(AH54=0,"STATUS_YR missing – imputed in time series; ","")&IF(AND(ISNUMBER($I54),N($I54)>Setup!$B$6),"STATUS_YR after reporting year; ","")&IF(OR($G54="",$G54="Not Reported"),"GOV_TYPE not reported; ","")&IF(AND(N($J54)=1,$K54="Point",N($M54)<=0),"Coastal point without REP_M_AREA – land/sea split unknown; ","")&IF(AND(N($J54)=0,N($S54)>0),"MARINE=0 but net marine >0; ","")&IF(AND(N($J54)=2,N($R54)>0),"MARINE=2 but net terrestrial >0; ","")&IF($K54="Point","Buffered point – coverage approximate; ","")))
A55: 902845 | B55: Garaet Annk Djemel et El Merhsel | C55: Wetland of International Importance (Ramsar Site) | D55: International | E55: PA | F55: Not Reported | G55: Federal or national ministry or agency | H55: Designated | I55: 2004 | J55: 0 | K55: Polygon | L55: 181.4 | M55: 0 | N55: 127.731 | O55: 0 | P55: N | R55: 128.004 | S55: 0 | T55: N | Z55: =IF(AND($A55="",$B55=""),"",IF(OR($E55="",$H55="",$H55="Proposed",$H55="Not Reported"),0,IF(AND($P55="Y",$Q55<>"Y"),0,IF(AND($K55="Point",N($L55)<=0),0,IF(AND(N($L55)<=0,N($N55)<=0,N($R55)+N($S55)<=0),0,1))))) | AA55: =IF(AND($A55="",$B55=""),"",IF($E55="","Site type missing",IF($H55="","STATUS missing",IF($H55="Proposed","STATUS = Proposed",IF($H55="Not Reported","STATUS = Not Reported",IF(AND($P55="Y",$Q55<>"Y"),"UNESCO-MAB Biosphere Reserve",IF(AND($K55="Point",N($L55)<=0),"Point without REP_AREA",IF(AND(N($L55)<=0,N($N55)<=0,N($R55)+N($S55)<=0),"No area information","")))))))) | AB55: =IF(AND($A55="",$B55=""),"",IF($K55="Point",N($L55),IF(N($N55)>0,N($N55),N($L55)))) | AC55: =IF(AND($A55="",$B55=""),"",MIN(AB55,IF(N($J55)=0,0,IF(N($J55)=2,AB55,IF(AND($K55<>"Point",N($O55)>0),N($O55),N($M55)))))) | AD55: =IF(AND($A55="",$B55=""),"",MAX(0,AB55-AC55)) | AE55: =IF(AND($A55="",$B55=""),"",IF(OR($R55<>"",$S55<>""),1,0)) | AF55: =IF(AND($A55="",$B55=""),"",IF(Z55=1,IF(AE55=1,N($R55),AD55),0)) | AG55: =IF(AND($A55="",$B55=""),"",IF(Z55=1,IF(AE55=1,N($S55),AC55),0)) | AH55: =IF(AND($A55="",$B55=""),"",IF(AND(ISNUMBER($I55),N($I55)>0),$I55,0)) | AI55: =IF(AND(NOT(AND($A55="",$B55="")),$K55="Point",N($L55)>0),SQRT(N($L55)/PI()),"") | AJ55: =IF(AND($A55="",$B55=""),"",IFERROR(VLOOKUP($G55,Lists!$D$4:$E$15,2,FALSE),"Not reported")) | AK55: =IF(AND($A55="",$B55=""),"",IF($X55<>"",$X55,IF($T55<>"Y","Not assessed",IF(AND(ISNUMBER($V55),Setup!$B$6-$V55>Setup!$B$26),"Assessment outdated",IF(NOT(ISNUMBER($W55)),"Assessed – no score",IF($W55>=Setup!$B$24,"High",IF($W55>=Setup!$B$25,"Moderate","Low"))))))) | AL55: =IF(AND($A55="",$B55=""),"",IF(Z55=0,"",IF(AND(AE55=1,N($R55)>AD55*1.01+0.001),"Net terrestrial > gross; ","")&IF(AND(AE55=1,N($S55)>AC55*1.01+0.001),"Net marine > gross; ","")&IF(AE55=0,"No net area – gross used, overlaps may be double-counted; ","")&IF(AH55=0,"STATUS_YR missing – imputed in time series; ","")&IF(AND(ISNUMBER($I55),N($I55)>Setup!$B$6),"STATUS_YR after reporting year; ","")&IF(OR($G55="",$G55="Not Reported"),"GOV_TYPE not reported; ","")&IF(AND(N($J55)=1,$K55="Point",N($M55)<=0),"Coastal point without REP_M_AREA – land/sea split unknown; ","")&IF(AND(N($J55)=0,N($S55)>0),"MARINE=0 but net marine >0; ","")&IF(AND(N($J55)=2,N($R55)>0),"MARINE=2 but net terrestrial >0; ","")&IF($K55="Point","Buffered point – coverage approximate; ","")))
A56: 902846 | B56: Garaet El Taref | C56: Wetland of International Importance (Ramsar Site) | D56: International | E56: PA | F56: Not Reported | G56: Federal or national ministry or agency | H56: Designated | I56: 2004 | J56: 0 | K56: Polygon | L56: 334.6 | M56: 0 | N56: 334.632 | O56: 0 | P56: N | R56: 335.355 | S56: 0 | T56: N | Z56: =IF(AND($A56="",$B56=""),"",IF(OR($E56="",$H56="",$H56="Proposed",$H56="Not Reported"),0,IF(AND($P56="Y",$Q56<>"Y"),0,IF(AND($K56="Point",N($L56)<=0),0,IF(AND(N($L56)<=0,N($N56)<=0,N($R56)+N($S56)<=0),0,1))))) | AA56: =IF(AND($A56="",$B56=""),"",IF($E56="","Site type missing",IF($H56="","STATUS missing",IF($H56="Proposed","STATUS = Proposed",IF($H56="Not Reported","STATUS = Not Reported",IF(AND($P56="Y",$Q56<>"Y"),"UNESCO-MAB Biosphere Reserve",IF(AND($K56="Point",N($L56)<=0),"Point without REP_AREA",IF(AND(N($L56)<=0,N($N56)<=0,N($R56)+N($S56)<=0),"No area information","")))))))) | AB56: =IF(AND($A56="",$B56=""),"",IF($K56="Point",N($L56),IF(N($N56)>0,N($N56),N($L56)))) | AC56: =IF(AND($A56="",$B56=""),"",MIN(AB56,IF(N($J56)=0,0,IF(N($J56)=2,AB56,IF(AND($K56<>"Point",N($O56)>0),N($O56),N($M56)))))) | AD56: =IF(AND($A56="",$B56=""),"",MAX(0,AB56-AC56)) | AE56: =IF(AND($A56="",$B56=""),"",IF(OR($R56<>"",$S56<>""),1,0)) | AF56: =IF(AND($A56="",$B56=""),"",IF(Z56=1,IF(AE56=1,N($R56),AD56),0)) | AG56: =IF(AND($A56="",$B56=""),"",IF(Z56=1,IF(AE56=1,N($S56),AC56),0)) | AH56: =IF(AND($A56="",$B56=""),"",IF(AND(ISNUMBER($I56),N($I56)>0),$I56,0)) | AI56: =IF(AND(NOT(AND($A56="",$B56="")),$K56="Point",N($L56)>0),SQRT(N($L56)/PI()),"") | AJ56: =IF(AND($A56="",$B56=""),"",IFERROR(VLOOKUP($G56,Lists!$D$4:$E$15,2,FALSE),"Not reported")) | AK56: =IF(AND($A56="",$B56=""),"",IF($X56<>"",$X56,IF($T56<>"Y","Not assessed",IF(AND(ISNUMBER($V56),Setup!$B$6-$V56>Setup!$B$26),"Assessment outdated",IF(NOT(ISNUMBER($W56)),"Assessed – no score",IF($W56>=Setup!$B$24,"High",IF($W56>=Setup!$B$25,"Moderate","Low"))))))) | AL56: =IF(AND($A56="",$B56=""),"",IF(Z56=0,"",IF(AND(AE56=1,N($R56)>AD56*1.01+0.001),"Net terrestrial > gross; ","")&IF(AND(AE56=1,N($S56)>AC56*1.01+0.001),"Net marine > gross; ","")&IF(AE56=0,"No net area – gross used, overlaps may be double-counted; ","")&IF(AH56=0,"STATUS_YR missing – imputed in time series; ","")&IF(AND(ISNUMBER($I56),N($I56)>Setup!$B$6),"STATUS_YR after reporting year; ","")&IF(OR($G56="",$G56="Not Reported"),"GOV_TYPE not reported; ","")&IF(AND(N($J56)=1,$K56="Point",N($M56)<=0),"Coastal point without REP_M_AREA – land/sea split unknown; ","")&IF(AND(N($J56)=0,N($S56)>0),"MARINE=0 but net marine >0; ","")&IF(AND(N($J56)=2,N($R56)>0),"MARINE=2 but net terrestrial >0; ","")&IF($K56="Point","Buffered point – coverage approximate; ","")))
A57: 902847 | B57: Garaet Guellif | C57: Wetland of International Importance (Ramsar Site) | D57: International | E57: PA | F57: Not Reported | G57: Federal or national ministry or agency | H57: Designated | I57: 2004 | J57: 0 | K57: Polygon | L57: 240 | M57: 0 | N57: 244.889 | O57: 0 | P57: N | R57: 245.412 | S57: 0 | T57: N | Z57: =IF(AND($A57="",$B57=""),"",IF(OR($E57="",$H57="",$H57="Proposed",$H57="Not Reported"),0,IF(AND($P57="Y",$Q57<>"Y"),0,IF(AND($K57="Point",N($L57)<=0),0,IF(AND(N($L57)<=0,N($N57)<=0,N($R57)+N($S57)<=0),0,1))))) | AA57: =IF(AND($A57="",$B57=""),"",IF($E57="","Site type missing",IF($H57="","STATUS missing",IF($H57="Proposed","STATUS = Proposed",IF($H57="Not Reported","STATUS = Not Reported",IF(AND($P57="Y",$Q57<>"Y"),"UNESCO-MAB Biosphere Reserve",IF(AND($K57="Point",N($L57)<=0),"Point without REP_AREA",IF(AND(N($L57)<=0,N($N57)<=0,N($R57)+N($S57)<=0),"No area information","")))))))) | AB57: =IF(AND($A57="",$B57=""),"",IF($K57="Point",N($L57),IF(N($N57)>0,N($N57),N($L57)))) | AC57: =IF(AND($A57="",$B57=""),"",MIN(AB57,IF(N($J57)=0,0,IF(N($J57)=2,AB57,IF(AND($K57<>"Point",N($O57)>0),N($O57),N($M57)))))) | AD57: =IF(AND($A57="",$B57=""),"",MAX(0,AB57-AC57)) | AE57: =IF(AND($A57="",$B57=""),"",IF(OR($R57<>"",$S57<>""),1,0)) | AF57: =IF(AND($A57="",$B57=""),"",IF(Z57=1,IF(AE57=1,N($R57),AD57),0)) | AG57: =IF(AND($A57="",$B57=""),"",IF(Z57=1,IF(AE57=1,N($S57),AC57),0)) | AH57: =IF(AND($A57="",$B57=""),"",IF(AND(ISNUMBER($I57),N($I57)>0),$I57,0)) | AI57: =IF(AND(NOT(AND($A57="",$B57="")),$K57="Point",N($L57)>0),SQRT(N($L57)/PI()),"") | AJ57: =IF(AND($A57="",$B57=""),"",IFERROR(VLOOKUP($G57,Lists!$D$4:$E$15,2,FALSE),"Not reported")) | AK57: =IF(AND($A57="",$B57=""),"",IF($X57<>"",$X57,IF($T57<>"Y","Not assessed",IF(AND(ISNUMBER($V57),Setup!$B$6-$V57>Setup!$B$26),"Assessment outdated",IF(NOT(ISNUMBER($W57)),"Assessed – no score",IF($W57>=Setup!$B$24,"High",IF($W57>=Setup!$B$25,"Moderate","Low"))))))) | AL57: =IF(AND($A57="",$B57=""),"",IF(Z57=0,"",IF(AND(AE57=1,N($R57)>AD57*1.01+0.001),"Net terrestrial > gross; ","")&IF(AND(AE57=1,N($S57)>AC57*1.01+0.001),"Net marine > gross; ","")&IF(AE57=0,"No net area – gross used, overlaps may be double-counted; ","")&IF(AH57=0,"STATUS_YR missing – imputed in time series; ","")&IF(AND(ISNUMBER($I57),N($I57)>Setup!$B$6),"STATUS_YR after reporting year; ","")&IF(OR($G57="",$G57="Not Reported"),"GOV_TYPE not reported; ","")&IF(AND(N($J57)=1,$K57="Point",N($M57)<=0),"Coastal point without REP_M_AREA – land/sea split unknown; ","")&IF(AND(N($J57)=0,N($S57)>0),"MARINE=0 but net marine >0; ","")&IF(AND(N($J57)=2,N($R57)>0),"MARINE=2 but net terrestrial >0; ","")&IF($K57="Point","Buffered point – coverage approximate; ","")))
A58: 902848 | B58: Lac de Télamine | C58: Wetland of International Importance (Ramsar Site) | D58: International | E58: PA | F58: Not Reported | G58: Federal or national ministry or agency | H58: Designated | I58: 2004 | J58: 0 | K58: Polygon | L58: 23.99 | M58: 0 | N58: 48.718 | O58: 0 | P58: N | R58: 48.823 | S58: 0 | T58: N | Z58: =IF(AND($A58="",$B58=""),"",IF(OR($E58="",$H58="",$H58="Proposed",$H58="Not Reported"),0,IF(AND($P58="Y",$Q58<>"Y"),0,IF(AND($K58="Point",N($L58)<=0),0,IF(AND(N($L58)<=0,N($N58)<=0,N($R58)+N($S58)<=0),0,1))))) | AA58: =IF(AND($A58="",$B58=""),"",IF($E58="","Site type missing",IF($H58="","STATUS missing",IF($H58="Proposed","STATUS = Proposed",IF($H58="Not Reported","STATUS = Not Reported",IF(AND($P58="Y",$Q58<>"Y"),"UNESCO-MAB Biosphere Reserve",IF(AND($K58="Point",N($L58)<=0),"Point without REP_AREA",IF(AND(N($L58)<=0,N($N58)<=0,N($R58)+N($S58)<=0),"No area information","")))))))) | AB58: =IF(AND($A58="",$B58=""),"",IF($K58="Point",N($L58),IF(N($N58)>0,N($N58),N($L58)))) | AC58: =IF(AND($A58="",$B58=""),"",MIN(AB58,IF(N($J58)=0,0,IF(N($J58)=2,AB58,IF(AND($K58<>"Point",N($O58)>0),N($O58),N($M58)))))) | AD58: =IF(AND($A58="",$B58=""),"",MAX(0,AB58-AC58)) | AE58: =IF(AND($A58="",$B58=""),"",IF(OR($R58<>"",$S58<>""),1,0)) | AF58: =IF(AND($A58="",$B58=""),"",IF(Z58=1,IF(AE58=1,N($R58),AD58),0)) | AG58: =IF(AND($A58="",$B58=""),"",IF(Z58=1,IF(AE58=1,N($S58),AC58),0)) | AH58: =IF(AND($A58="",$B58=""),"",IF(AND(ISNUMBER($I58),N($I58)>0),$I58,0)) | AI58: =IF(AND(NOT(AND($A58="",$B58="")),$K58="Point",N($L58)>0),SQRT(N($L58)/PI()),"") | AJ58: =IF(AND($A58="",$B58=""),"",IFERROR(VLOOKUP($G58,Lists!$D$4:$E$15,2,FALSE),"Not reported")) | AK58: =IF(AND($A58="",$B58=""),"",IF($X58<>"",$X58,IF($T58<>"Y","Not assessed",IF(AND(ISNUMBER($V58),Setup!$B$6-$V58>Setup!$B$26),"Assessment outdated",IF(NOT(ISNUMBER($W58)),"Assessed – no score",IF($W58>=Setup!$B$24,"High",IF($W58>=Setup!$B$25,"Moderate","Low"))))))) | AL58: =IF(AND($A58="",$B58=""),"",IF(Z58=0,"",IF(AND(AE58=1,N($R58)>AD58*1.01+0.001),"Net terrestrial > gross; ","")&IF(AND(AE58=1,N($S58)>AC58*1.01+0.001),"Net marine > gross; ","")&IF(AE58=0,"No net area – gross used, overlaps may be double-counted; ","")&IF(AH58=0,"STATUS_YR missing – imputed in time series; ","")&IF(AND(ISNUMBER($I58),N($I58)>Setup!$B$6),"STATUS_YR after reporting year; ","")&IF(OR($G58="",$G58="Not Reported"),"GOV_TYPE not reported; ","")&IF(AND(N($J58)=1,$K58="Point",N($M58)<=0),"Coastal point without REP_M_AREA – land/sea split unknown; ","")&IF(AND(N($J58)=0,N($S58)>0),"MARINE=0 but net marine >0; ","")&IF(AND(N($J58)=2,N($R58)>0),"MARINE=2 but net terrestrial >0; ","")&IF($K58="Point","Buffered point – coverage approximate; ","")))
A59: 902849 | B59: Salines d'Arzew | C59: Wetland of International Importance (Ramsar Site) | D59: International | E59: PA | F59: Not Reported | G59: Federal or national ministry or agency | H59: Designated | I59: 2004 | J59: 0 | K59: Polygon | L59: 57.78 | M59: 0 | N59: 58.669 | O59: 0 | P59: N | R59: 58.796 | S59: 0 | T59: N | Z59: =IF(AND($A59="",$B59=""),"",IF(OR($E59="",$H59="",$H59="Proposed",$H59="Not Reported"),0,IF(AND($P59="Y",$Q59<>"Y"),0,IF(AND($K59="Point",N($L59)<=0),0,IF(AND(N($L59)<=0,N($N59)<=0,N($R59)+N($S59)<=0),0,1))))) | AA59: =IF(AND($A59="",$B59=""),"",IF($E59="","Site type missing",IF($H59="","STATUS missing",IF($H59="Proposed","STATUS = Proposed",IF($H59="Not Reported","STATUS = Not Reported",IF(AND($P59="Y",$Q59<>"Y"),"UNESCO-MAB Biosphere Reserve",IF(AND($K59="Point",N($L59)<=0),"Point without REP_AREA",IF(AND(N($L59)<=0,N($N59)<=0,N($R59)+N($S59)<=0),"No area information","")))))))) | AB59: =IF(AND($A59="",$B59=""),"",IF($K59="Point",N($L59),IF(N($N59)>0,N($N59),N($L59)))) | AC59: =IF(AND($A59="",$B59=""),"",MIN(AB59,IF(N($J59)=0,0,IF(N($J59)=2,AB59,IF(AND($K59<>"Point",N($O59)>0),N($O59),N($M59)))))) | AD59: =IF(AND($A59="",$B59=""),"",MAX(0,AB59-AC59)) | AE59: =IF(AND($A59="",$B59=""),"",IF(OR($R59<>"",$S59<>""),1,0)) | AF59: =IF(AND($A59="",$B59=""),"",IF(Z59=1,IF(AE59=1,N($R59),AD59),0)) | AG59: =IF(AND($A59="",$B59=""),"",IF(Z59=1,IF(AE59=1,N($S59),AC59),0)) | AH59: =IF(AND($A59="",$B59=""),"",IF(AND(ISNUMBER($I59),N($I59)>0),$I59,0)) | AI59: =IF(AND(NOT(AND($A59="",$B59="")),$K59="Point",N($L59)>0),SQRT(N($L59)/PI()),"") | AJ59: =IF(AND($A59="",$B59=""),"",IFERROR(VLOOKUP($G59,Lists!$D$4:$E$15,2,FALSE),"Not reported")) | AK59: =IF(AND($A59="",$B59=""),"",IF($X59<>"",$X59,IF($T59<>"Y","Not assessed",IF(AND(ISNUMBER($V59),Setup!$B$6-$V59>Setup!$B$26),"Assessment outdated",IF(NOT(ISNUMBER($W59)),"Assessed – no score",IF($W59>=Setup!$B$24,"High",IF($W59>=Setup!$B$25,"Moderate","Low"))))))) | AL59: =IF(AND($A59="",$B59=""),"",IF(Z59=0,"",IF(AND(AE59=1,N($R59)>AD59*1.01+0.001),"Net terrestrial > gross; ","")&IF(AND(AE59=1,N($S59)>AC59*1.01+0.001),"Net marine > gross; ","")&IF(AE59=0,"No net area – gross used, overlaps may be double-counted; ","")&IF(AH59=0,"STATUS_YR missing – imputed in time series; ","")&IF(AND(ISNUMBER($I59),N($I59)>Setup!$B$6),"STATUS_YR after reporting year; ","")&IF(OR($G59="",$G59="Not Reported"),"GOV_TYPE not reported; ","")&IF(AND(N($J59)=1,$K59="Point",N($M59)<=0),"Coastal point without REP_M_AREA – land/sea split unknown; ","")&IF(AND(N($J59)=0,N($S59)>0),"MARINE=0 but net marine >0; ","")&IF(AND(N($J59)=2,N($R59)>0),"MARINE=2 but net terrestrial >0; ","")&IF($K59="Point","Buffered point – coverage approximate; ","")))
A60: 902850 | B60: Oglat Ed Daïra | C60: Wetland of International Importance (Ramsar Site) | D60: International | E60: PA | F60: Not Reported | G60: Federal or national ministry or agency | H60: Designated | I60: 2004 | J60: 0 | K60: Polygon | L60: 234.3 | M60: 0 | N60: 208.644 | O60: 0 | P60: N | R60: 209.203 | S60: 0 | T60: N | Z60: =IF(AND($A60="",$B60=""),"",IF(OR($E60="",$H60="",$H60="Proposed",$H60="Not Reported"),0,IF(AND($P60="Y",$Q60<>"Y"),0,IF(AND($K60="Point",N($L60)<=0),0,IF(AND(N($L60)<=0,N($N60)<=0,N($R60)+N($S60)<=0),0,1))))) | AA60: =IF(AND($A60="",$B60=""),"",IF($E60="","Site type missing",IF($H60="","STATUS missing",IF($H60="Proposed","STATUS = Proposed",IF($H60="Not Reported","STATUS = Not Reported",IF(AND($P60="Y",$Q60<>"Y"),"UNESCO-MAB Biosphere Reserve",IF(AND($K60="Point",N($L60)<=0),"Point without REP_AREA",IF(AND(N($L60)<=0,N($N60)<=0,N($R60)+N($S60)<=0),"No area information","")))))))) | AB60: =IF(AND($A60="",$B60=""),"",IF($K60="Point",N($L60),IF(N($N60)>0,N($N60),N($L60)))) | AC60: =IF(AND($A60="",$B60=""),"",MIN(AB60,IF(N($J60)=0,0,IF(N($J60)=2,AB60,IF(AND($K60<>"Point",N($O60)>0),N($O60),N($M60)))))) | AD60: =IF(AND($A60="",$B60=""),"",MAX(0,AB60-AC60)) | AE60: =IF(AND($A60="",$B60=""),"",IF(OR($R60<>"",$S60<>""),1,0)) | AF60: =IF(AND($A60="",$B60=""),"",IF(Z60=1,IF(AE60=1,N($R60),AD60),0)) | AG60: =IF(AND($A60="",$B60=""),"",IF(Z60=1,IF(AE60=1,N($S60),AC60),0)) | AH60: =IF(AND($A60="",$B60=""),"",IF(AND(ISNUMBER($I60),N($I60)>0),$I60,0)) | AI60: =IF(AND(NOT(AND($A60="",$B60="")),$K60="Point",N($L60)>0),SQRT(N($L60)/PI()),"") | AJ60: =IF(AND($A60="",$B60=""),"",IFERROR(VLOOKUP($G60,Lists!$D$4:$E$15,2,FALSE),"Not reported")) | AK60: =IF(AND($A60="",$B60=""),"",IF($X60<>"",$X60,IF($T60<>"Y","Not assessed",IF(AND(ISNUMBER($V60),Setup!$B$6-$V60>Setup!$B$26),"Assessment outdated",IF(NOT(ISNUMBER($W60)),"Assessed – no score",IF($W60>=Setup!$B$24,"High",IF($W60>=Setup!$B$25,"Moderate","Low"))))))) | AL60: =IF(AND($A60="",$B60=""),"",IF(Z60=0,"",IF(AND(AE60=1,N($R60)>AD60*1.01+0.001),"Net terrestrial > gross; ","")&IF(AND(AE60=1,N($S60)>AC60*1.01+0.001),"Net marine > gross; ","")&IF(AE60=0,"No net area – gross used, overlaps may be double-counted; ","")&IF(AH60=0,"STATUS_YR missing – imputed in time series; ","")&IF(AND(ISNUMBER($I60),N($I60)>Setup!$B$6),"STATUS_YR after reporting year; ","")&IF(OR($G60="",$G60="Not Reported"),"GOV_TYPE not reported; ","")&IF(AND(N($J60)=1,$K60="Point",N($M60)<=0),"Coastal point without REP_M_AREA – land/sea split unknown; ","")&IF(AND(N($J60)=0,N($S60)>0),"MARINE=0 but net marine >0; ","")&IF(AND(N($J60)=2,N($R60)>0),"MARINE=2 but net terrestrial >0; ","")&IF($K60="Point","Buffered point – coverage approximate; ","")))
A61: 902851 | B61: Réserve Intégrale du Lac Mellah | C61: Wetland of International Importance (Ramsar Site) | D61: International | E61: PA | F61: Not Reported | G61: Federal or national ministry or agency | H61: Designated | I61: 2004 | J61: 1 | K61: Polygon | L61: 22.57 | M61: 0 | N61: 24.345 | O61: 4.093 | P61: N | R61: 0.266 | S61: 3.905 | T61: N | Y61: Overlap attributed to earlier site | Z61: =IF(AND($A61="",$B61=""),"",IF(OR($E61="",$H61="",$H61="Proposed",$H61="Not Reported"),0,IF(AND($P61="Y",$Q61<>"Y"),0,IF(AND($K61="Point",N($L61)<=0),0,IF(AND(N($L61)<=0,N($N61)<=0,N($R61)+N($S61)<=0),0,1))))) | AA61: =IF(AND($A61="",$B61=""),"",IF($E61="","Site type missing",IF($H61="","STATUS missing",IF($H61="Proposed","STATUS = Proposed",IF($H61="Not Reported","STATUS = Not Reported",IF(AND($P61="Y",$Q61<>"Y"),"UNESCO-MAB Biosphere Reserve",IF(AND($K61="Point",N($L61)<=0),"Point without REP_AREA",IF(AND(N($L61)<=0,N($N61)<=0,N($R61)+N($S61)<=0),"No area information","")))))))) | AB61: =IF(AND($A61="",$B61=""),"",IF($K61="Point",N($L61),IF(N($N61)>0,N($N61),N($L61)))) | AC61: =IF(AND($A61="",$B61=""),"",MIN(AB61,IF(N($J61)=0,0,IF(N($J61)=2,AB61,IF(AND($K61<>"Point",N($O61)>0),N($O61),N($M61)))))) | AD61: =IF(AND($A61="",$B61=""),"",MAX(0,AB61-AC61)) | AE61: =IF(AND($A61="",$B61=""),"",IF(OR($R61<>"",$S61<>""),1,0)) | AF61: =IF(AND($A61="",$B61=""),"",IF(Z61=1,IF(AE61=1,N($R61),AD61),0)) | AG61: =IF(AND($A61="",$B61=""),"",IF(Z61=1,IF(AE61=1,N($S61),AC61),0)) | AH61: =IF(AND($A61="",$B61=""),"",IF(AND(ISNUMBER($I61),N($I61)>0),$I61,0)) | AI61: =IF(AND(NOT(AND($A61="",$B61="")),$K61="Point",N($L61)>0),SQRT(N($L61)/PI()),"") | AJ61: =IF(AND($A61="",$B61=""),"",IFERROR(VLOOKUP($G61,Lists!$D$4:$E$15,2,FALSE),"Not reported")) | AK61: =IF(AND($A61="",$B61=""),"",IF($X61<>"",$X61,IF($T61<>"Y","Not assessed",IF(AND(ISNUMBER($V61),Setup!$B$6-$V61>Setup!$B$26),"Assessment outdated",IF(NOT(ISNUMBER($W61)),"Assessed – no score",IF($W61>=Setup!$B$24,"High",IF($W61>=Setup!$B$25,"Moderate","Low"))))))) | AL61: =IF(AND($A61="",$B61=""),"",IF(Z61=0,"",IF(AND(AE61=1,N($R61)>AD61*1.01+0.001),"Net terrestrial > gross; ","")&IF(AND(AE61=1,N($S61)>AC61*1.01+0.001),"Net marine > gross; ","")&IF(AE61=0,"No net area – gross used, overlaps may be double-counted; ","")&IF(AH61=0,"STATUS_YR missing – imputed in time series; ","")&IF(AND(ISNUMBER($I61),N($I61)>Setup!$B$6),"STATUS_YR after reporting year; ","")&IF(OR($G61="",$G61="Not Reported"),"GOV_TYPE not reported; ","")&IF(AND(N($J61)=1,$K61="Point",N($M61)<=0),"Coastal point without REP_M_AREA – land/sea split unknown; ","")&IF(AND(N($J61)=0,N($S61)>0),"MARINE=0 but net marine >0; ","")&IF(AND(N($J61)=2,N($R61)>0),"MARINE=2 but net terrestrial >0; ","")&IF($K61="Point","Buffered point – coverage approximate; ","")))
A62: 902852 | B62: Sebkha de Bazer | C62: Wetland of International Importance (Ramsar Site) | D62: International | E62: PA | F62: Not Reported | G62: Federal or national ministry or agency | H62: Designated | I62: 2004 | J62: 0 | K62: Polygon | L62: 43.79 | M62: 0 | N62: 50.735 | O62: 0 | P62: N | R62: 50.84 | S62: 0 | T62: N | Z62: =IF(AND($A62="",$B62=""),"",IF(OR($E62="",$H62="",$H62="Proposed",$H62="Not Reported"),0,IF(AND($P62="Y",$Q62<>"Y"),0,IF(AND($K62="Point",N($L62)<=0),0,IF(AND(N($L62)<=0,N($N62)<=0,N($R62)+N($S62)<=0),0,1))))) | AA62: =IF(AND($A62="",$B62=""),"",IF($E62="","Site type missing",IF($H62="","STATUS missing",IF($H62="Proposed","STATUS = Proposed",IF($H62="Not Reported","STATUS = Not Reported",IF(AND($P62="Y",$Q62<>"Y"),"UNESCO-MAB Biosphere Reserve",IF(AND($K62="Point",N($L62)<=0),"Point without REP_AREA",IF(AND(N($L62)<=0,N($N62)<=0,N($R62)+N($S62)<=0),"No area information","")))))))) | AB62: =IF(AND($A62="",$B62=""),"",IF($K62="Point",N($L62),IF(N($N62)>0,N($N62),N($L62)))) | AC62: =IF(AND($A62="",$B62=""),"",MIN(AB62,IF(N($J62)=0,0,IF(N($J62)=2,AB62,IF(AND($K62<>"Point",N($O62)>0),N($O62),N($M62)))))) | AD62: =IF(AND($A62="",$B62=""),"",MAX(0,AB62-AC62)) | AE62: =IF(AND($A62="",$B62=""),"",IF(OR($R62<>"",$S62<>""),1,0)) | AF62: =IF(AND($A62="",$B62=""),"",IF(Z62=1,IF(AE62=1,N($R62),AD62),0)) | AG62: =IF(AND($A62="",$B62=""),"",IF(Z62=1,IF(AE62=1,N($S62),AC62),0)) | AH62: =IF(AND($A62="",$B62=""),"",IF(AND(ISNUMBER($I62),N($I62)>0),$I62,0)) | AI62: =IF(AND(NOT(AND($A62="",$B62="")),$K62="Point",N($L62)>0),SQRT(N($L62)/PI()),"") | AJ62: =IF(AND($A62="",$B62=""),"",IFERROR(VLOOKUP($G62,Lists!$D$4:$E$15,2,FALSE),"Not reported")) | AK62: =IF(AND($A62="",$B62=""),"",IF($X62<>"",$X62,IF($T62<>"Y","Not assessed",IF(AND(ISNUMBER($V62),Setup!$B$6-$V62>Setup!$B$26),"Assessment outdated",IF(NOT(ISNUMBER($W62)),"Assessed – no score",IF($W62>=Setup!$B$24,"High",IF($W62>=Setup!$B$25,"Moderate","Low"))))))) | AL62: =IF(AND($A62="",$B62=""),"",IF(Z62=0,"",IF(AND(AE62=1,N($R62)>AD62*1.01+0.001),"Net terrestrial > gross; ","")&IF(AND(AE62=1,N($S62)>AC62*1.01+0.001),"Net marine > gross; ","")&IF(AE62=0,"No net area – gross used, overlaps may be double-counted; ","")&IF(AH62=0,"STATUS_YR missing – imputed in time series; ","")&IF(AND(ISNUMBER($I62),N($I62)>Setup!$B$6),"STATUS_YR after reporting year; ","")&IF(OR($G62="",$G62="Not Reported"),"GOV_TYPE not reported; ","")&IF(AND(N($J62)=1,$K62="Point",N($M62)<=0),"Coastal point without REP_M_AREA – land/sea split unknown; ","")&IF(AND(N($J62)=0,N($S62)>0),"MARINE=0 but net marine >0; ","")&IF(AND(N($J62)=2,N($R62)>0),"MARINE=2 but net terrestrial >0; ","")&IF($K62="Point","Buffered point – coverage approximate; ","")))
A63: 902853 | B63: Sebkhet El Hamiet | C63: Wetland of International Importance (Ramsar Site) | D63: International | E63: PA | F63: Not Reported | G63: Federal or national ministry or agency | H63: Designated | I63: 2004 | J63: 0 | K63: Polygon | L63: 25.09 | M63: 0 | N63: 21.549 | O63: 0 | P63: N | R63: 21.594 | S63: 0 | T63: N | Z63: =IF(AND($A63="",$B63=""),"",IF(OR($E63="",$H63="",$H63="Proposed",$H63="Not Reported"),0,IF(AND($P63="Y",$Q63<>"Y"),0,IF(AND($K63="Point",N($L63)<=0),0,IF(AND(N($L63)<=0,N($N63)<=0,N($R63)+N($S63)<=0),0,1))))) | AA63: =IF(AND($A63="",$B63=""),"",IF($E63="","Site type missing",IF($H63="","STATUS missing",IF($H63="Proposed","STATUS = Proposed",IF($H63="Not Reported","STATUS = Not Reported",IF(AND($P63="Y",$Q63<>"Y"),"UNESCO-MAB Biosphere Reserve",IF(AND($K63="Point",N($L63)<=0),"Point without REP_AREA",IF(AND(N($L63)<=0,N($N63)<=0,N($R63)+N($S63)<=0),"No area information","")))))))) | AB63: =IF(AND($A63="",$B63=""),"",IF($K63="Point",N($L63),IF(N($N63)>0,N($N63),N($L63)))) | AC63: =IF(AND($A63="",$B63=""),"",MIN(AB63,IF(N($J63)=0,0,IF(N($J63)=2,AB63,IF(AND($K63<>"Point",N($O63)>0),N($O63),N($M63)))))) | AD63: =IF(AND($A63="",$B63=""),"",MAX(0,AB63-AC63)) | AE63: =IF(AND($A63="",$B63=""),"",IF(OR($R63<>"",$S63<>""),1,0)) | AF63: =IF(AND($A63="",$B63=""),"",IF(Z63=1,IF(AE63=1,N($R63),AD63),0)) | AG63: =IF(AND($A63="",$B63=""),"",IF(Z63=1,IF(AE63=1,N($S63),AC63),0)) | AH63: =IF(AND($A63="",$B63=""),"",IF(AND(ISNUMBER($I63),N($I63)>0),$I63,0)) | AI63: =IF(AND(NOT(AND($A63="",$B63="")),$K63="Point",N($L63)>0),SQRT(N($L63)/PI()),"") | AJ63: =IF(AND($A63="",$B63=""),"",IFERROR(VLOOKUP($G63,Lists!$D$4:$E$15,2,FALSE),"Not reported")) | AK63: =IF(AND($A63="",$B63=""),"",IF($X63<>"",$X63,IF($T63<>"Y","Not assessed",IF(AND(ISNUMBER($V63),Setup!$B$6-$V63>Setup!$B$26),"Assessment outdated",IF(NOT(ISNUMBER($W63)),"Assessed – no score",IF($W63>=Setup!$B$24,"High",IF($W63>=Setup!$B$25,"Moderate","Low"))))))) | AL63: =IF(AND($A63="",$B63=""),"",IF(Z63=0,"",IF(AND(AE63=1,N($R63)>AD63*1.01+0.001),"Net terrestrial > gross; ","")&IF(AND(AE63=1,N($S63)>AC63*1.01+0.001),"Net marine > gross; ","")&IF(AE63=0,"No net area – gross used, overlaps may be double-counted; ","")&IF(AH63=0,"STATUS_YR missing – imputed in time series; ","")&IF(AND(ISNUMBER($I63),N($I63)>Setup!$B$6),"STATUS_YR after reporting year; ","")&IF(OR($G63="",$G63="Not Reported"),"GOV_TYPE not reported; ","")&IF(AND(N($J63)=1,$K63="Point",N($M63)<=0),"Coastal point without REP_M_AREA – land/sea split unknown; ","")&IF(AND(N($J63)=0,N($S63)>0),"MARINE=0 but net marine >0; ","")&IF(AND(N($J63)=2,N($R63)>0),"MARINE=2 but net terrestrial >0; ","")&IF($K63="Point","Buffered point – coverage approximate; ","")))
A64: 902854 | B64: Sebkhet El Melah | C64: Wetland of International Importance (Ramsar Site) | D64: International | E64: PA | F64: Not Reported | G64: Federal or national ministry or agency | H64: Designated | I64: 2004 | J64: 0 | K64: Polygon | L64: 189.47 | M64: 0 | N64: 192.462 | O64: 0 | P64: N | R64: 193.09 | S64: 0 | T64: N | Z64: =IF(AND($A64="",$B64=""),"",IF(OR($E64="",$H64="",$H64="Proposed",$H64="Not Reported"),0,IF(AND($P64="Y",$Q64<>"Y"),0,IF(AND($K64="Point",N($L64)<=0),0,IF(AND(N($L64)<=0,N($N64)<=0,N($R64)+N($S64)<=0),0,1))))) | AA64: =IF(AND($A64="",$B64=""),"",IF($E64="","Site type missing",IF($H64="","STATUS missing",IF($H64="Proposed","STATUS = Proposed",IF($H64="Not Reported","STATUS = Not Reported",IF(AND($P64="Y",$Q64<>"Y"),"UNESCO-MAB Biosphere Reserve",IF(AND($K64="Point",N($L64)<=0),"Point without REP_AREA",IF(AND(N($L64)<=0,N($N64)<=0,N($R64)+N($S64)<=0),"No area information","")))))))) | AB64: =IF(AND($A64="",$B64=""),"",IF($K64="Point",N($L64),IF(N($N64)>0,N($N64),N($L64)))) | AC64: =IF(AND($A64="",$B64=""),"",MIN(AB64,IF(N($J64)=0,0,IF(N($J64)=2,AB64,IF(AND($K64<>"Point",N($O64)>0),N($O64),N($M64)))))) | AD64: =IF(AND($A64="",$B64=""),"",MAX(0,AB64-AC64)) | AE64: =IF(AND($A64="",$B64=""),"",IF(OR($R64<>"",$S64<>""),1,0)) | AF64: =IF(AND($A64="",$B64=""),"",IF(Z64=1,IF(AE64=1,N($R64),AD64),0)) | AG64: =IF(AND($A64="",$B64=""),"",IF(Z64=1,IF(AE64=1,N($S64),AC64),0)) | AH64: =IF(AND($A64="",$B64=""),"",IF(AND(ISNUMBER($I64),N($I64)>0),$I64,0)) | AI64: =IF(AND(NOT(AND($A64="",$B64="")),$K64="Point",N($L64)>0),SQRT(N($L64)/PI()),"") | AJ64: =IF(AND($A64="",$B64=""),"",IFERROR(VLOOKUP($G64,Lists!$D$4:$E$15,2,FALSE),"Not reported")) | AK64: =IF(AND($A64="",$B64=""),"",IF($X64<>"",$X64,IF($T64<>"Y","Not assessed",IF(AND(ISNUMBER($V64),Setup!$B$6-$V64>Setup!$B$26),"Assessment outdated",IF(NOT(ISNUMBER($W64)),"Assessed – no score",IF($W64>=Setup!$B$24,"High",IF($W64>=Setup!$B$25,"Moderate","Low"))))))) | AL64: =IF(AND($A64="",$B64=""),"",IF(Z64=0,"",IF(AND(AE64=1,N($R64)>AD64*1.01+0.001),"Net terrestrial > gross; ","")&IF(AND(AE64=1,N($S64)>AC64*1.01+0.001),"Net marine > gross; ","")&IF(AE64=0,"No net area – gross used, overlaps may be double-counted; ","")&IF(AH64=0,"STATUS_YR missing – imputed in time series; ","")&IF(AND(ISNUMBER($I64),N($I64)>Setup!$B$6),"STATUS_YR after reporting year; ","")&IF(OR($G64="",$G64="Not Reported"),"GOV_TYPE not reported; ","")&IF(AND(N($J64)=1,$K64="Point",N($M64)<=0),"Coastal point without REP_M_AREA – land/sea split unknown; ","")&IF(AND(N($J64)=0,N($S64)>0),"MARINE=0 but net marine >0; ","")&IF(AND(N($J64)=2,N($R64)>0),"MARINE=2 but net terrestrial >0; ","")&IF($K64="Point","Buffered point – coverage approximate; ","")))
A65: 555599909 | B65: Les îles Habibas | C65: Specially Protected Areas of Mediterranean Importance (Barcelona Convention) | D65: Regional | E65: PA | F65: Not Assigned | G65: Federal or national ministry or agency | H65: Adopted | I65: 2005 | J65: 2 | K65: Polygon | L65: 26.8 | M65: 25.97 | N65: 26.357 | O65: 25.884 | P65: N | R65: 0 | S65: 9.212 | T65: N | Y65: Overlap attributed to earlier site | Z65: =IF(AND($A65="",$B65=""),"",IF(OR($E65="",$H65="",$H65="Proposed",$H65="Not Reported"),0,IF(AND($P65="Y",$Q65<>"Y"),0,IF(AND($K65="Point",N($L65)<=0),0,IF(AND(N($L65)<=0,N($N65)<=0,N($R65)+N($S65)<=0),0,1))))) | AA65: =IF(AND($A65="",$B65=""),"",IF($E65="","Site type missing",IF($H65="","STATUS missing",IF($H65="Proposed","STATUS = Proposed",IF($H65="Not Reported","STATUS = Not Reported",IF(AND($P65="Y",$Q65<>"Y"),"UNESCO-MAB Biosphere Reserve",IF(AND($K65="Point",N($L65)<=0),"Point without REP_AREA",IF(AND(N($L65)<=0,N($N65)<=0,N($R65)+N($S65)<=0),"No area information","")))))))) | AB65: =IF(AND($A65="",$B65=""),"",IF($K65="Point",N($L65),IF(N($N65)>0,N($N65),N($L65)))) | AC65: =IF(AND($A65="",$B65=""),"",MIN(AB65,IF(N($J65)=0,0,IF(N($J65)=2,AB65,IF(AND($K65<>"Point",N($O65)>0),N($O65),N($M65)))))) | AD65: =IF(AND($A65="",$B65=""),"",MAX(0,AB65-AC65)) | AE65: =IF(AND($A65="",$B65=""),"",IF(OR($R65<>"",$S65<>""),1,0)) | AF65: =IF(AND($A65="",$B65=""),"",IF(Z65=1,IF(AE65=1,N($R65),AD65),0)) | AG65: =IF(AND($A65="",$B65=""),"",IF(Z65=1,IF(AE65=1,N($S65),AC65),0)) | AH65: =IF(AND($A65="",$B65=""),"",IF(AND(ISNUMBER($I65),N($I65)>0),$I65,0)) | AI65: =IF(AND(NOT(AND($A65="",$B65="")),$K65="Point",N($L65)>0),SQRT(N($L65)/PI()),"") | AJ65: =IF(AND($A65="",$B65=""),"",IFERROR(VLOOKUP($G65,Lists!$D$4:$E$15,2,FALSE),"Not reported")) | AK65: =IF(AND($A65="",$B65=""),"",IF($X65<>"",$X65,IF($T65<>"Y","Not assessed",IF(AND(ISNUMBER($V65),Setup!$B$6-$V65>Setup!$B$26),"Assessment outdated",IF(NOT(ISNUMBER($W65)),"Assessed – no score",IF($W65>=Setup!$B$24,"High",IF($W65>=Setup!$B$25,"Moderate","Low"))))))) | AL65: =IF(AND($A65="",$B65=""),"",IF(Z65=0,"",IF(AND(AE65=1,N($R65)>AD65*1.01+0.001),"Net terrestrial > gross; ","")&IF(AND(AE65=1,N($S65)>AC65*1.01+0.001),"Net marine > gross; ","")&IF(AE65=0,"No net area – gross used, overlaps may be double-counted; ","")&IF(AH65=0,"STATUS_YR missing – imputed in time series; ","")&IF(AND(ISNUMBER($I65),N($I65)>Setup!$B$6),"STATUS_YR after reporting year; ","")&IF(OR($G65="",$G65="Not Reported"),"GOV_TYPE not reported; ","")&IF(AND(N($J65)=1,$K65="Point",N($M65)<=0),"Coastal point without REP_M_AREA – land/sea split unknown; ","")&IF(AND(N($J65)=0,N($S65)>0),"MARINE=0 but net marine >0; ","")&IF(AND(N($J65)=2,N($R65)>0),"MARINE=2 but net terrestrial >0; ","")&IF($K65="Point","Buffered point – coverage approximate; ","")))
A66: 555542677 | B66: Garaet Timerganine | C66: Wetland of International Importance (Ramsar Site) | D66: International | E66: PA | F66: Not Reported | G66: Federal or national ministry or agency | H66: Designated | I66: 2009 | J66: 0 | K66: Polygon | L66: 14.6 | M66: 0 | N66: 14.074 | O66: 0 | P66: N | R66: 14.064 | S66: 0 | T66: N | Z66: =IF(AND($A66="",$B66=""),"",IF(OR($E66="",$H66="",$H66="Proposed",$H66="Not Reported"),0,IF(AND($P66="Y",$Q66<>"Y"),0,IF(AND($K66="Point",N($L66)<=0),0,IF(AND(N($L66)<=0,N($N66)<=0,N($R66)+N($S66)<=0),0,1))))) | AA66: =IF(AND($A66="",$B66=""),"",IF($E66="","Site type missing",IF($H66="","STATUS missing",IF($H66="Proposed","STATUS = Proposed",IF($H66="Not Reported","STATUS = Not Reported",IF(AND($P66="Y",$Q66<>"Y"),"UNESCO-MAB Biosphere Reserve",IF(AND($K66="Point",N($L66)<=0),"Point without REP_AREA",IF(AND(N($L66)<=0,N($N66)<=0,N($R66)+N($S66)<=0),"No area information","")))))))) | AB66: =IF(AND($A66="",$B66=""),"",IF($K66="Point",N($L66),IF(N($N66)>0,N($N66),N($L66)))) | AC66: =IF(AND($A66="",$B66=""),"",MIN(AB66,IF(N($J66)=0,0,IF(N($J66)=2,AB66,IF(AND($K66<>"Point",N($O66)>0),N($O66),N($M66)))))) | AD66: =IF(AND($A66="",$B66=""),"",MAX(0,AB66-AC66)) | AE66: =IF(AND($A66="",$B66=""),"",IF(OR($R66<>"",$S66<>""),1,0)) | AF66: =IF(AND($A66="",$B66=""),"",IF(Z66=1,IF(AE66=1,N($R66),AD66),0)) | AG66: =IF(AND($A66="",$B66=""),"",IF(Z66=1,IF(AE66=1,N($S66),AC66),0)) | AH66: =IF(AND($A66="",$B66=""),"",IF(AND(ISNUMBER($I66),N($I66)>0),$I66,0)) | AI66: =IF(AND(NOT(AND($A66="",$B66="")),$K66="Point",N($L66)>0),SQRT(N($L66)/PI()),"") | AJ66: =IF(AND($A66="",$B66=""),"",IFERROR(VLOOKUP($G66,Lists!$D$4:$E$15,2,FALSE),"Not reported")) | AK66: =IF(AND($A66="",$B66=""),"",IF($X66<>"",$X66,IF($T66<>"Y","Not assessed",IF(AND(ISNUMBER($V66),Setup!$B$6-$V66>Setup!$B$26),"Assessment outdated",IF(NOT(ISNUMBER($W66)),"Assessed – no score",IF($W66>=Setup!$B$24,"High",IF($W66>=Setup!$B$25,"Moderate","Low"))))))) | AL66: =IF(AND($A66="",$B66=""),"",IF(Z66=0,"",IF(AND(AE66=1,N($R66)>AD66*1.01+0.001),"Net terrestrial > gross; ","")&IF(AND(AE66=1,N($S66)>AC66*1.01+0.001),"Net marine > gross; ","")&IF(AE66=0,"No net area – gross used, overlaps may be double-counted; ","")&IF(AH66=0,"STATUS_YR missing – imputed in time series; ","")&IF(AND(ISNUMBER($I66),N($I66)>Setup!$B$6),"STATUS_YR after reporting year; ","")&IF(OR($G66="",$G66="Not Reported"),"GOV_TYPE not reported; ","")&IF(AND(N($J66)=1,$K66="Point",N($M66)<=0),"Coastal point without REP_M_AREA – land/sea split unknown; ","")&IF(AND(N($J66)=0,N($S66)>0),"MARINE=0 but net marine >0; ","")&IF(AND(N($J66)=2,N($R66)>0),"MARINE=2 but net terrestrial >0; ","")&IF($K66="Point","Buffered point – coverage approximate; ","")))
A67: 555542679 | B67: Marais de Bourdim | C67: Wetland of International Importance (Ramsar Site) | D67: International | E67: PA | F67: Not Reported | G67: Federal or national ministry or agency | H67: Designated | I67: 2009 | J67: 0 | K67: Polygon | L67: 0.59 | M67: 0 | N67: 4.796 | O67: 0 | P67: N | R67: 0.328 | S67: 0 | T67: N | Y67: Overlap attributed to earlier site | Z67: =IF(AND($A67="",$B67=""),"",IF(OR($E67="",$H67="",$H67="Proposed",$H67="Not Reported"),0,IF(AND($P67="Y",$Q67<>"Y"),0,IF(AND($K67="Point",N($L67)<=0),0,IF(AND(N($L67)<=0,N($N67)<=0,N($R67)+N($S67)<=0),0,1))))) | AA67: =IF(AND($A67="",$B67=""),"",IF($E67="","Site type missing",IF($H67="","STATUS missing",IF($H67="Proposed","STATUS = Proposed",IF($H67="Not Reported","STATUS = Not Reported",IF(AND($P67="Y",$Q67<>"Y"),"UNESCO-MAB Biosphere Reserve",IF(AND($K67="Point",N($L67)<=0),"Point without REP_AREA",IF(AND(N($L67)<=0,N($N67)<=0,N($R67)+N($S67)<=0),"No area information","")))))))) | AB67: =IF(AND($A67="",$B67=""),"",IF($K67="Point",N($L67),IF(N($N67)>0,N($N67),N($L67)))) | AC67: =IF(AND($A67="",$B67=""),"",MIN(AB67,IF(N($J67)=0,0,IF(N($J67)=2,AB67,IF(AND($K67<>"Point",N($O67)>0),N($O67),N($M67)))))) | AD67: =IF(AND($A67="",$B67=""),"",MAX(0,AB67-AC67)) | AE67: =IF(AND($A67="",$B67=""),"",IF(OR($R67<>"",$S67<>""),1,0)) | AF67: =IF(AND($A67="",$B67=""),"",IF(Z67=1,IF(AE67=1,N($R67),AD67),0)) | AG67: =IF(AND($A67="",$B67=""),"",IF(Z67=1,IF(AE67=1,N($S67),AC67),0)) | AH67: =IF(AND($A67="",$B67=""),"",IF(AND(ISNUMBER($I67),N($I67)>0),$I67,0)) | AI67: =IF(AND(NOT(AND($A67="",$B67="")),$K67="Point",N($L67)>0),SQRT(N($L67)/PI()),"") | AJ67: =IF(AND($A67="",$B67=""),"",IFERROR(VLOOKUP($G67,Lists!$D$4:$E$15,2,FALSE),"Not reported")) | AK67: =IF(AND($A67="",$B67=""),"",IF($X67<>"",$X67,IF($T67<>"Y","Not assessed",IF(AND(ISNUMBER($V67),Setup!$B$6-$V67>Setup!$B$26),"Assessment outdated",IF(NOT(ISNUMBER($W67)),"Assessed – no score",IF($W67>=Setup!$B$24,"High",IF($W67>=Setup!$B$25,"Moderate","Low"))))))) | AL67: =IF(AND($A67="",$B67=""),"",IF(Z67=0,"",IF(AND(AE67=1,N($R67)>AD67*1.01+0.001),"Net terrestrial > gross; ","")&IF(AND(AE67=1,N($S67)>AC67*1.01+0.001),"Net marine > gross; ","")&IF(AE67=0,"No net area – gross used, overlaps may be double-counted; ","")&IF(AH67=0,"STATUS_YR missing – imputed in time series; ","")&IF(AND(ISNUMBER($I67),N($I67)>Setup!$B$6),"STATUS_YR after reporting year; ","")&IF(OR($G67="",$G67="Not Reported"),"GOV_TYPE not reported; ","")&IF(AND(N($J67)=1,$K67="Point",N($M67)<=0),"Coastal point without REP_M_AREA – land/sea split unknown; ","")&IF(AND(N($J67)=0,N($S67)>0),"MARINE=0 but net marine >0; ","")&IF(AND(N($J67)=2,N($R67)>0),"MARINE=2 but net terrestrial >0; ","")&IF($K67="Point","Buffered point – coverage approximate; ","")))
A68: 555542681 | B68: Sebkha Ezzemoul | C68: Wetland of International Importance (Ramsar Site) | D68: International | E68: PA | F68: Not Reported | G68: Federal or national ministry or agency | H68: Designated | I68: 2009 | J68: 0 | K68: Polygon | L68: 67.65 | M68: 0 | N68: 53.553 | O68: 0 | P68: N | R68: 53.667 | S68: 0 | T68: N | Z68: =IF(AND($A68="",$B68=""),"",IF(OR($E68="",$H68="",$H68="Proposed",$H68="Not Reported"),0,IF(AND($P68="Y",$Q68<>"Y"),0,IF(AND($K68="Point",N($L68)<=0),0,IF(AND(N($L68)<=0,N($N68)<=0,N($R68)+N($S68)<=0),0,1))))) | AA68: =IF(AND($A68="",$B68=""),"",IF($E68="","Site type missing",IF($H68="","STATUS missing",IF($H68="Proposed","STATUS = Proposed",IF($H68="Not Reported","STATUS = Not Reported",IF(AND($P68="Y",$Q68<>"Y"),"UNESCO-MAB Biosphere Reserve",IF(AND($K68="Point",N($L68)<=0),"Point without REP_AREA",IF(AND(N($L68)<=0,N($N68)<=0,N($R68)+N($S68)<=0),"No area information","")))))))) | AB68: =IF(AND($A68="",$B68=""),"",IF($K68="Point",N($L68),IF(N($N68)>0,N($N68),N($L68)))) | AC68: =IF(AND($A68="",$B68=""),"",MIN(AB68,IF(N($J68)=0,0,IF(N($J68)=2,AB68,IF(AND($K68<>"Point",N($O68)>0),N($O68),N($M68)))))) | AD68: =IF(AND($A68="",$B68=""),"",MAX(0,AB68-AC68)) | AE68: =IF(AND($A68="",$B68=""),"",IF(OR($R68<>"",$S68<>""),1,0)) | AF68: =IF(AND($A68="",$B68=""),"",IF(Z68=1,IF(AE68=1,N($R68),AD68),0)) | AG68: =IF(AND($A68="",$B68=""),"",IF(Z68=1,IF(AE68=1,N($S68),AC68),0)) | AH68: =IF(AND($A68="",$B68=""),"",IF(AND(ISNUMBER($I68),N($I68)>0),$I68,0)) | AI68: =IF(AND(NOT(AND($A68="",$B68="")),$K68="Point",N($L68)>0),SQRT(N($L68)/PI()),"") | AJ68: =IF(AND($A68="",$B68=""),"",IFERROR(VLOOKUP($G68,Lists!$D$4:$E$15,2,FALSE),"Not reported")) | AK68: =IF(AND($A68="",$B68=""),"",IF($X68<>"",$X68,IF($T68<>"Y","Not assessed",IF(AND(ISNUMBER($V68),Setup!$B$6-$V68>Setup!$B$26),"Assessment outdated",IF(NOT(ISNUMBER($W68)),"Assessed – no score",IF($W68>=Setup!$B$24,"High",IF($W68>=Setup!$B$25,"Moderate","Low"))))))) | AL68: =IF(AND($A68="",$B68=""),"",IF(Z68=0,"",IF(AND(AE68=1,N($R68)>AD68*1.01+0.001),"Net terrestrial > gross; ","")&IF(AND(AE68=1,N($S68)>AC68*1.01+0.001),"Net marine > gross; ","")&IF(AE68=0,"No net area – gross used, overlaps may be double-counted; ","")&IF(AH68=0,"STATUS_YR missing – imputed in time series; ","")&IF(AND(ISNUMBER($I68),N($I68)>Setup!$B$6),"STATUS_YR after reporting year; ","")&IF(OR($G68="",$G68="Not Reported"),"GOV_TYPE not reported; ","")&IF(AND(N($J68)=1,$K68="Point",N($M68)<=0),"Coastal point without REP_M_AREA – land/sea split unknown; ","")&IF(AND(N($J68)=0,N($S68)>0),"MARINE=0 but net marine >0; ","")&IF(AND(N($J68)=2,N($R68)>0),"MARINE=2 but net terrestrial >0; ","")&IF($K68="Point","Buffered point – coverage approximate; ","")))
A69: 555542682 | B69: Lac Boulhilet | C69: Wetland of International Importance (Ramsar Site) | D69: International | E69: PA | F69: Not Reported | G69: Federal or national ministry or agency | H69: Designated | I69: 2009 | J69: 0 | K69: Polygon | L69: 8.56 | M69: 0 | N69: 4.994 | O69: 0 | P69: N | R69: 5.005 | S69: 0 | T69: N | Z69: =IF(AND($A69="",$B69=""),"",IF(OR($E69="",$H69="",$H69="Proposed",$H69="Not Reported"),0,IF(AND($P69="Y",$Q69<>"Y"),0,IF(AND($K69="Point",N($L69)<=0),0,IF(AND(N($L69)<=0,N($N69)<=0,N($R69)+N($S69)<=0),0,1))))) | AA69: =IF(AND($A69="",$B69=""),"",IF($E69="","Site type missing",IF($H69="","STATUS missing",IF($H69="Proposed","STATUS = Proposed",IF($H69="Not Reported","STATUS = Not Reported",IF(AND($P69="Y",$Q69<>"Y"),"UNESCO-MAB Biosphere Reserve",IF(AND($K69="Point",N($L69)<=0),"Point without REP_AREA",IF(AND(N($L69)<=0,N($N69)<=0,N($R69)+N($S69)<=0),"No area information","")))))))) | AB69: =IF(AND($A69="",$B69=""),"",IF($K69="Point",N($L69),IF(N($N69)>0,N($N69),N($L69)))) | AC69: =IF(AND($A69="",$B69=""),"",MIN(AB69,IF(N($J69)=0,0,IF(N($J69)=2,AB69,IF(AND($K69<>"Point",N($O69)>0),N($O69),N($M69)))))) | AD69: =IF(AND($A69="",$B69=""),"",MAX(0,AB69-AC69)) | AE69: =IF(AND($A69="",$B69=""),"",IF(OR($R69<>"",$S69<>""),1,0)) | AF69: =IF(AND($A69="",$B69=""),"",IF(Z69=1,IF(AE69=1,N($R69),AD69),0)) | AG69: =IF(AND($A69="",$B69=""),"",IF(Z69=1,IF(AE69=1,N($S69),AC69),0)) | AH69: =IF(AND($A69="",$B69=""),"",IF(AND(ISNUMBER($I69),N($I69)>0),$I69,0)) | AI69: =IF(AND(NOT(AND($A69="",$B69="")),$K69="Point",N($L69)>0),SQRT(N($L69)/PI()),"") | AJ69: =IF(AND($A69="",$B69=""),"",IFERROR(VLOOKUP($G69,Lists!$D$4:$E$15,2,FALSE),"Not reported")) | AK69: =IF(AND($A69="",$B69=""),"",IF($X69<>"",$X69,IF($T69<>"Y","Not assessed",IF(AND(ISNUMBER($V69),Setup!$B$6-$V69>Setup!$B$26),"Assessment outdated",IF(NOT(ISNUMBER($W69)),"Assessed – no score",IF($W69>=Setup!$B$24,"High",IF($W69>=Setup!$B$25,"Moderate","Low"))))))) | AL69: =IF(AND($A69="",$B69=""),"",IF(Z69=0,"",IF(AND(AE69=1,N($R69)>AD69*1.01+0.001),"Net terrestrial > gross; ","")&IF(AND(AE69=1,N($S69)>AC69*1.01+0.001),"Net marine > gross; ","")&IF(AE69=0,"No net area – gross used, overlaps may be double-counted; ","")&IF(AH69=0,"STATUS_YR missing – imputed in time series; ","")&IF(AND(ISNUMBER($I69),N($I69)>Setup!$B$6),"STATUS_YR after reporting year; ","")&IF(OR($G69="",$G69="Not Reported"),"GOV_TYPE not reported; ","")&IF(AND(N($J69)=1,$K69="Point",N($M69)<=0),"Coastal point without REP_M_AREA – land/sea split unknown; ","")&IF(AND(N($J69)=0,N($S69)>0),"MARINE=0 but net marine >0; ","")&IF(AND(N($J69)=2,N($R69)>0),"MARINE=2 but net terrestrial >0; ","")&IF($K69="Point","Buffered point – coverage approximate; ","")))
A70: 555542683 | B70: Vallée de l'oued Soummam | C70: Wetland of International Importance (Ramsar Site) | D70: International | E70: PA | F70: Not Reported | G70: Federal or national ministry or agency | H70: Designated | I70: 2009 | J70: 0 | K70: Polygon | L70: 124.53 | M70: 0 | N70: 121.619 | O70: 1.399 | P70: N | R70: 120.544 | S70: 1.312 | T70: N | Z70: =IF(AND($A70="",$B70=""),"",IF(OR($E70="",$H70="",$H70="Proposed",$H70="Not Reported"),0,IF(AND($P70="Y",$Q70<>"Y"),0,IF(AND($K70="Point",N($L70)<=0),0,IF(AND(N($L70)<=0,N($N70)<=0,N($R70)+N($S70)<=0),0,1))))) | AA70: =IF(AND($A70="",$B70=""),"",IF($E70="","Site type missing",IF($H70="","STATUS missing",IF($H70="Proposed","STATUS = Proposed",IF($H70="Not Reported","STATUS = Not Reported",IF(AND($P70="Y",$Q70<>"Y"),"UNESCO-MAB Biosphere Reserve",IF(AND($K70="Point",N($L70)<=0),"Point without REP_AREA",IF(AND(N($L70)<=0,N($N70)<=0,N($R70)+N($S70)<=0),"No area information","")))))))) | AB70: =IF(AND($A70="",$B70=""),"",IF($K70="Point",N($L70),IF(N($N70)>0,N($N70),N($L70)))) | AC70: =IF(AND($A70="",$B70=""),"",MIN(AB70,IF(N($J70)=0,0,IF(N($J70)=2,AB70,IF(AND($K70<>"Point",N($O70)>0),N($O70),N($M70)))))) | AD70: =IF(AND($A70="",$B70=""),"",MAX(0,AB70-AC70)) | AE70: =IF(AND($A70="",$B70=""),"",IF(OR($R70<>"",$S70<>""),1,0)) | AF70: =IF(AND($A70="",$B70=""),"",IF(Z70=1,IF(AE70=1,N($R70),AD70),0)) | AG70: =IF(AND($A70="",$B70=""),"",IF(Z70=1,IF(AE70=1,N($S70),AC70),0)) | AH70: =IF(AND($A70="",$B70=""),"",IF(AND(ISNUMBER($I70),N($I70)>0),$I70,0)) | AI70: =IF(AND(NOT(AND($A70="",$B70="")),$K70="Point",N($L70)>0),SQRT(N($L70)/PI()),"") | AJ70: =IF(AND($A70="",$B70=""),"",IFERROR(VLOOKUP($G70,Lists!$D$4:$E$15,2,FALSE),"Not reported")) | AK70: =IF(AND($A70="",$B70=""),"",IF($X70<>"",$X70,IF($T70<>"Y","Not assessed",IF(AND(ISNUMBER($V70),Setup!$B$6-$V70>Setup!$B$26),"Assessment outdated",IF(NOT(ISNUMBER($W70)),"Assessed – no score",IF($W70>=Setup!$B$24,"High",IF($W70>=Setup!$B$25,"Moderate","Low"))))))) | AL70: =IF(AND($A70="",$B70=""),"",IF(Z70=0,"",IF(AND(AE70=1,N($R70)>AD70*1.01+0.001),"Net terrestrial > gross; ","")&IF(AND(AE70=1,N($S70)>AC70*1.01+0.001),"Net marine > gross; ","")&IF(AE70=0,"No net area – gross used, overlaps may be double-counted; ","")&IF(AH70=0,"STATUS_YR missing – imputed in time series; ","")&IF(AND(ISNUMBER($I70),N($I70)>Setup!$B$6),"STATUS_YR after reporting year; ","")&IF(OR($G70="",$G70="Not Reported"),"GOV_TYPE not reported; ","")&IF(AND(N($J70)=1,$K70="Point",N($M70)<=0),"Coastal point without REP_M_AREA – land/sea split unknown; ","")&IF(AND(N($J70)=0,N($S70)>0),"MARINE=0 but net marine >0; ","")&IF(AND(N($J70)=2,N($R70)>0),"MARINE=2 but net terrestrial >0; ","")&IF($K70="Point","Buffered point – coverage approximate; ","")))
A71: 555542678 | B71: Lac du Barrage de Boughezoul | C71: Wetland of International Importance (Ramsar Site) | D71: International | E71: PA | F71: Not Reported | G71: Federal or national ministry or agency | H71: Designated | I71: 2011 | J71: 0 | K71: Polygon | L71: 90.58 | M71: 0 | N71: 90.869 | O71: 0 | P71: N | R71: 91.065 | S71: 0 | T71: N | Z71: =IF(AND($A71="",$B71=""),"",IF(OR($E71="",$H71="",$H71="Proposed",$H71="Not Reported"),0,IF(AND($P71="Y",$Q71<>"Y"),0,IF(AND($K71="Point",N($L71)<=0),0,IF(AND(N($L71)<=0,N($N71)<=0,N($R71)+N($S71)<=0),0,1))))) | AA71: =IF(AND($A71="",$B71=""),"",IF($E71="","Site type missing",IF($H71="","STATUS missing",IF($H71="Proposed","STATUS = Proposed",IF($H71="Not Reported","STATUS = Not Reported",IF(AND($P71="Y",$Q71<>"Y"),"UNESCO-MAB Biosphere Reserve",IF(AND($K71="Point",N($L71)<=0),"Point without REP_AREA",IF(AND(N($L71)<=0,N($N71)<=0,N($R71)+N($S71)<=0),"No area information","")))))))) | AB71: =IF(AND($A71="",$B71=""),"",IF($K71="Point",N($L71),IF(N($N71)>0,N($N71),N($L71)))) | AC71: =IF(AND($A71="",$B71=""),"",MIN(AB71,IF(N($J71)=0,0,IF(N($J71)=2,AB71,IF(AND($K71<>"Point",N($O71)>0),N($O71),N($M71)))))) | AD71: =IF(AND($A71="",$B71=""),"",MAX(0,AB71-AC71)) | AE71: =IF(AND($A71="",$B71=""),"",IF(OR($R71<>"",$S71<>""),1,0)) | AF71: =IF(AND($A71="",$B71=""),"",IF(Z71=1,IF(AE71=1,N($R71),AD71),0)) | AG71: =IF(AND($A71="",$B71=""),"",IF(Z71=1,IF(AE71=1,N($S71),AC71),0)) | AH71: =IF(AND($A71="",$B71=""),"",IF(AND(ISNUMBER($I71),N($I71)>0),$I71,0)) | AI71: =IF(AND(NOT(AND($A71="",$B71="")),$K71="Point",N($L71)>0),SQRT(N($L71)/PI()),"") | AJ71: =IF(AND($A71="",$B71=""),"",IFERROR(VLOOKUP($G71,Lists!$D$4:$E$15,2,FALSE),"Not reported")) | AK71: =IF(AND($A71="",$B71=""),"",IF($X71<>"",$X71,IF($T71<>"Y","Not assessed",IF(AND(ISNUMBER($V71),Setup!$B$6-$V71>Setup!$B$26),"Assessment outdated",IF(NOT(ISNUMBER($W71)),"Assessed – no score",IF($W71>=Setup!$B$24,"High",IF($W71>=Setup!$B$25,"Moderate","Low"))))))) | AL71: =IF(AND($A71="",$B71=""),"",IF(Z71=0,"",IF(AND(AE71=1,N($R71)>AD71*1.01+0.001),"Net terrestrial > gross; ","")&IF(AND(AE71=1,N($S71)>AC71*1.01+0.001),"Net marine > gross; ","")&IF(AE71=0,"No net area – gross used, overlaps may be double-counted; ","")&IF(AH71=0,"STATUS_YR missing – imputed in time series; ","")&IF(AND(ISNUMBER($I71),N($I71)>Setup!$B$6),"STATUS_YR after reporting year; ","")&IF(OR($G71="",$G71="Not Reported"),"GOV_TYPE not reported; ","")&IF(AND(N($J71)=1,$K71="Point",N($M71)<=0),"Coastal point without REP_M_AREA – land/sea split unknown; ","")&IF(AND(N($J71)=0,N($S71)>0),"MARINE=0 but net marine >0; ","")&IF(AND(N($J71)=2,N($R71)>0),"MARINE=2 but net terrestrial >0; ","")&IF($K71="Point","Buffered point – coverage approximate; ","")))
A72: 555542680 | B72: Oum Lâagareb | C72: Wetland of International Importance (Ramsar Site) | D72: International | E72: PA | F72: Not Reported | G72: Federal or national ministry or agency | H72: Designated | I72: 2011 | J72: 0 | K72: Polygon | L72: 7.29 | M72: 0 | N72: 7.11 | O72: 0 | P72: N | R72: 7.124 | S72: 0 | T72: N | Z72: =IF(AND($A72="",$B72=""),"",IF(OR($E72="",$H72="",$H72="Proposed",$H72="Not Reported"),0,IF(AND($P72="Y",$Q72<>"Y"),0,IF(AND($K72="Point",N($L72)<=0),0,IF(AND(N($L72)<=0,N($N72)<=0,N($R72)+N($S72)<=0),0,1))))) | AA72: =IF(AND($A72="",$B72=""),"",IF($E72="","Site type missing",IF($H72="","STATUS missing",IF($H72="Proposed","STATUS = Proposed",IF($H72="Not Reported","STATUS = Not Reported",IF(AND($P72="Y",$Q72<>"Y"),"UNESCO-MAB Biosphere Reserve",IF(AND($K72="Point",N($L72)<=0),"Point without REP_AREA",IF(AND(N($L72)<=0,N($N72)<=0,N($R72)+N($S72)<=0),"No area information","")))))))) | AB72: =IF(AND($A72="",$B72=""),"",IF($K72="Point",N($L72),IF(N($N72)>0,N($N72),N($L72)))) | AC72: =IF(AND($A72="",$B72=""),"",MIN(AB72,IF(N($J72)=0,0,IF(N($J72)=2,AB72,IF(AND($K72<>"Point",N($O72)>0),N($O72),N($M72)))))) | AD72: =IF(AND($A72="",$B72=""),"",MAX(0,AB72-AC72)) | AE72: =IF(AND($A72="",$B72=""),"",IF(OR($R72<>"",$S72<>""),1,0)) | AF72: =IF(AND($A72="",$B72=""),"",IF(Z72=1,IF(AE72=1,N($R72),AD72),0)) | AG72: =IF(AND($A72="",$B72=""),"",IF(Z72=1,IF(AE72=1,N($S72),AC72),0)) | AH72: =IF(AND($A72="",$B72=""),"",IF(AND(ISNUMBER($I72),N($I72)>0),$I72,0)) | AI72: =IF(AND(NOT(AND($A72="",$B72="")),$K72="Point",N($L72)>0),SQRT(N($L72)/PI()),"") | AJ72: =IF(AND($A72="",$B72=""),"",IFERROR(VLOOKUP($G72,Lists!$D$4:$E$15,2,FALSE),"Not reported")) | AK72: =IF(AND($A72="",$B72=""),"",IF($X72<>"",$X72,IF($T72<>"Y","Not assessed",IF(AND(ISNUMBER($V72),Setup!$B$6-$V72>Setup!$B$26),"Assessment outdated",IF(NOT(ISNUMBER($W72)),"Assessed – no score",IF($W72>=Setup!$B$24,"High",IF($W72>=Setup!$B$25,"Moderate","Low"))))))) | AL72: =IF(AND($A72="",$B72=""),"",IF(Z72=0,"",IF(AND(AE72=1,N($R72)>AD72*1.01+0.001),"Net terrestrial > gross; ","")&IF(AND(AE72=1,N($S72)>AC72*1.01+0.001),"Net marine > gross; ","")&IF(AE72=0,"No net area – gross used, overlaps may be double-counted; ","")&IF(AH72=0,"STATUS_YR missing – imputed in time series; ","")&IF(AND(ISNUMBER($I72),N($I72)>Setup!$B$6),"STATUS_YR after reporting year; ","")&IF(OR($G72="",$G72="Not Reported"),"GOV_TYPE not reported; ","")&IF(AND(N($J72)=1,$K72="Point",N($M72)<=0),"Coastal point without REP_M_AREA – land/sea split unknown; ","")&IF(AND(N($J72)=0,N($S72)>0),"MARINE=0 but net marine >0; ","")&IF(AND(N($J72)=2,N($R72)>0),"MARINE=2 but net terrestrial >0; ","")&IF($K72="Point","Buffered point – coverage approximate; ","")))
A73: 555542733 | B73: Île de Rachgoun | C73: Wetland of International Importance (Ramsar Site) | D73: International | E73: PA | F73: Not Reported | G73: Federal or national ministry or agency | H73: Designated | I73: 2011 | J73: 2 | K73: Polygon | L73: 0.66 | M73: 0.33 | N73: 0.618 | O73: 0.572 | P73: N | R73: 0 | S73: 0.619 | T73: N | Z73: =IF(AND($A73="",$B73=""),"",IF(OR($E73="",$H73="",$H73="Proposed",$H73="Not Reported"),0,IF(AND($P73="Y",$Q73<>"Y"),0,IF(AND($K73="Point",N($L73)<=0),0,IF(AND(N($L73)<=0,N($N73)<=0,N($R73)+N($S73)<=0),0,1))))) | AA73: =IF(AND($A73="",$B73=""),"",IF($E73="","Site type missing",IF($H73="","STATUS missing",IF($H73="Proposed","STATUS = Proposed",IF($H73="Not Reported","STATUS = Not Reported",IF(AND($P73="Y",$Q73<>"Y"),"UNESCO-MAB Biosphere Reserve",IF(AND($K73="Point",N($L73)<=0),"Point without REP_AREA",IF(AND(N($L73)<=0,N($N73)<=0,N($R73)+N($S73)<=0),"No area information","")))))))) | AB73: =IF(AND($A73="",$B73=""),"",IF($K73="Point",N($L73),IF(N($N73)>0,N($N73),N($L73)))) | AC73: =IF(AND($A73="",$B73=""),"",MIN(AB73,IF(N($J73)=0,0,IF(N($J73)=2,AB73,IF(AND($K73<>"Point",N($O73)>0),N($O73),N($M73)))))) | AD73: =IF(AND($A73="",$B73=""),"",MAX(0,AB73-AC73)) | AE73: =IF(AND($A73="",$B73=""),"",IF(OR($R73<>"",$S73<>""),1,0)) | AF73: =IF(AND($A73="",$B73=""),"",IF(Z73=1,IF(AE73=1,N($R73),AD73),0)) | AG73: =IF(AND($A73="",$B73=""),"",IF(Z73=1,IF(AE73=1,N($S73),AC73),0)) | AH73: =IF(AND($A73="",$B73=""),"",IF(AND(ISNUMBER($I73),N($I73)>0),$I73,0)) | AI73: =IF(AND(NOT(AND($A73="",$B73="")),$K73="Point",N($L73)>0),SQRT(N($L73)/PI()),"") | AJ73: =IF(AND($A73="",$B73=""),"",IFERROR(VLOOKUP($G73,Lists!$D$4:$E$15,2,FALSE),"Not reported")) | AK73: =IF(AND($A73="",$B73=""),"",IF($X73<>"",$X73,IF($T73<>"Y","Not assessed",IF(AND(ISNUMBER($V73),Setup!$B$6-$V73>Setup!$B$26),"Assessment outdated",IF(NOT(ISNUMBER($W73)),"Assessed – no score",IF($W73>=Setup!$B$24,"High",IF($W73>=Setup!$B$25,"Moderate","Low"))))))) | AL73: =IF(AND($A73="",$B73=""),"",IF(Z73=0,"",IF(AND(AE73=1,N($R73)>AD73*1.01+0.001),"Net terrestrial > gross; ","")&IF(AND(AE73=1,N($S73)>AC73*1.01+0.001),"Net marine > gross; ","")&IF(AE73=0,"No net area – gross used, overlaps may be double-counted; ","")&IF(AH73=0,"STATUS_YR missing – imputed in time series; ","")&IF(AND(ISNUMBER($I73),N($I73)>Setup!$B$6),"STATUS_YR after reporting year; ","")&IF(OR($G73="",$G73="Not Reported"),"GOV_TYPE not reported; ","")&IF(AND(N($J73)=1,$K73="Point",N($M73)<=0),"Coastal point without REP_M_AREA – land/sea split unknown; ","")&IF(AND(N($J73)=0,N($S73)>0),"MARINE=0 but net marine >0; ","")&IF(AND(N($J73)=2,N($R73)>0),"MARINE=2 but net terrestrial >0; ","")&IF($K73="Point","Buffered point – coverage approximate; ","")))
